-- phpMyAdmin SQL Dump
-- version 5.0.4
-- https://www.phpmyadmin.net/
--
-- Host: 127.0.0.1
-- Generation Time: May 30, 2021 at 01:30 AM
-- Server version: 10.4.17-MariaDB
-- PHP Version: 8.0.1

SET SQL_MODE = "NO_AUTO_VALUE_ON_ZERO";
START TRANSACTION;
SET time_zone = "+00:00";


/*!40101 SET @OLD_CHARACTER_SET_CLIENT=@@CHARACTER_SET_CLIENT */;
/*!40101 SET @OLD_CHARACTER_SET_RESULTS=@@CHARACTER_SET_RESULTS */;
/*!40101 SET @OLD_COLLATION_CONNECTION=@@COLLATION_CONNECTION */;
/*!40101 SET NAMES utf8mb4 */;

--
-- Database: `kusina`
--

-- --------------------------------------------------------

--
-- Table structure for table `accounts`
--

CREATE TABLE `accounts` (
  `account_id` int(11) NOT NULL,
  `account_name` varchar(255) NOT NULL,
  `username` varchar(50) NOT NULL,
  `password` varchar(255) NOT NULL,
  `position` int(11) NOT NULL,
  `created_at` datetime NOT NULL DEFAULT current_timestamp(),
  `updated_at` datetime DEFAULT NULL,
  `deleted_at` datetime DEFAULT NULL
) ENGINE=InnoDB DEFAULT CHARSET=utf8mb4;

--
-- Dumping data for table `accounts`
--

INSERT INTO `accounts` (`account_id`, `account_name`, `username`, `password`, `position`, `created_at`, `updated_at`, `deleted_at`) VALUES
(1, 'Eleasar Y. Patot', 'eleasar123', 'eleasar@admin123', 1, '2021-05-12 16:43:53', '2021-05-13 11:44:47', NULL),
(2, 'Marjorie O. Entoma', 'marjGorgeous', 'marj@waiter123', 2, '2021-05-12 16:46:04', '2021-05-16 11:00:13', NULL),
(13, 'Rhea Amancio', 'rhea123', 'rhea123', 1, '2021-05-13 10:49:49', NULL, NULL),
(14, 'John Miguel Estopa ', 'jmigz', 'jmigz', 2, '2021-05-13 11:07:52', NULL, NULL),
(18, 'Jurick Anthony Baybayanon', 'jurick123', 'fdsfasd', 2, '2021-05-13 12:00:33', NULL, NULL),
(19, 'Justin Ambrad', 'justin123', 'justin123', 2, '2021-05-16 03:06:43', NULL, '2021-05-29 08:41:48'),
(22, 'Joselito Monceda', 'joy123', 'joy123', 2, '2021-05-29 08:40:44', NULL, NULL);

-- --------------------------------------------------------

--
-- Table structure for table `menu`
--

CREATE TABLE `menu` (
  `menu_id` int(11) NOT NULL,
  `menu_name` varchar(255) NOT NULL,
  `menu_type` varchar(50) NOT NULL,
  `menu_photo` text NOT NULL,
  `availability` varchar(50) NOT NULL,
  `price` float NOT NULL,
  `created_at` datetime NOT NULL DEFAULT current_timestamp(),
  `updated_at` datetime DEFAULT NULL
) ENGINE=InnoDB DEFAULT CHARSET=utf8mb4;

--
-- Dumping data for table `menu`
--

INSERT INTO `menu` (`menu_id`, `menu_name`, `menu_type`, `menu_photo`, `availability`, `price`, `created_at`, `updated_at`) VALUES
(1, 'Lechon Manok', 'lunch', 'https://upload.wikimedia.org/wikipedia/commons/thumb/d/d6/Conching%27s_Native_Lechon_Manok.jpg/1200px-Conching%27s_Native_Lechon_Manok.jpg', 'available', 250, '2021-05-12 16:01:24', '2021-05-12 16:01:24'),
(2, 'Beef Steak ala Elsa', 'lunch', 'https://encrypted-tbn0.gstatic.com/images?q=tbn:ANd9GcSVnZpJRVQ8WHciB-ChFT-iKmsjWZMnlF6dmg&usqp=CAU', 'available', 150, '2021-05-12 16:01:24', '2021-05-12 16:01:24'),
(3, 'Crab Cake Sandwich ala Marj', 'lunch', 'data:image/jpeg;base64,/9j/4AAQSkZJRgABAQAAAQABAAD/2wCEAAoHCBYVFRgWFhYZGRgaHBocGhwcHBkZHBoaGhoZGhoaGhocIS4lHCErIRoaJjgmKy8xNTU1GiQ7QDs0Py40NTEBDAwMEA8QHxISHzQsJSs0NDQ0NDY2NDQ0NDQ0NDQ2NDQ0NjQ0NDQ0NDQ0NDQ0NDQ0NDQ0NDQ0NDQ0NDQ0NDQ0NP/AABEIAMIBAwMBIgACEQEDEQH/xAAbAAACAgMBAAAAAAAAAAAAAAAEBQMGAAECB//EAD4QAAEDAgQDBQYEBQMEAwAAAAEAAhEDIQQSMUEFUWEGInGBkRMyobHB0UJSkvAUM2Lh8RVyggcjU8IWotL/xAAaAQACAwEBAAAAAAAAAAAAAAACAwABBAUG/8QALxEAAgIBBAEBCAEDBQAAAAAAAQIAEQMEEiExQVEFExQiMmFxgaFSkdEVM0Kx4f/aAAwDAQACEQMRAD8AtOHIhdVGnZcNbBRgaCEdS4Dm2hbGFaTdqNZhRqpm01Kkix3CmHkha/Ztj/whN6rV1TqQpKlWrdiqRvkCT4rskGHuHyK9Dq4oASYhV7iGNL5De6Oep/sk5XVRzGY8LOeJWqPBmN94yeQ+6nGBYD7oPy/uiadMNEklx5/aFzUrWtvzWB8xY0JvxaVU5PJk1F7WCC2PAfZGljCO6XaWIdF+om/ok1bFtFheJ6StYepJmIgT6Sue4azxOigUARpVeJAs4jYCf7IujUc27TEjQEGJ26qvYTioY5rhch2h3vvzTvHYlmoLmuN4gFoGwg30+agWhu8wi3O3xLvwN0sDrkmd7GOmxUzaDKhk5szTqHOYW9BBgqhYLjrmjK1xPe92OVweYV14fxEvaHOaZ3gEjS2l5i/mF1dPmV1C11OTqdO6MWB79JBxOi8PAzuyOs0ESMx577Tfmh/bOw72NqQ4O3DSRA87QrGAHQTOmmyp/GMWKtd7Zgs7uu255HVVqAMY3DsniTTE5DsI4A5jziGFoO96A43Bb9QhG0C0xtseYQlGo9lMluV8c4aRfQHT1hPsFFWnJmeRix8rJmLKSfTzUVlwhRzz4uCtXNV6ys/KYI8PLYqKoZC0q4YcTK+NlijHVr6LljxEreJw5zSVG182Qs0CoJi3ybKr8dZvCuAwjrlA4nAZrm6WpIlTyuvjSCQEDWqF2q9B4l2TZUlzZa7mPqqrj+zVanJjM3mPsi7jlYRGQuYUz2EagrQouOgRCEYO5bY4gyFI+i4ahRwpKjKnxJwAWkvWINiytonujsVexU7MVCEZSWVxAsVplVGrMZIU9OokGHr80yp1RHRS5KhhqSl+O4mxlh3ncuXilXFeOC7KZ8XfZVmpxK51JnUpORz0sdjxjtpYa+NLhLnH1QoxGsbfvdIqnELa97mPkgKmLcd4HJYmA8zap8CWWpjwASXAAcpv5pRW4o557sAbIN2KJ1PwXAc0Tb4pdAXGXCziJifgp8DisjxPx0I38Utz7D46rWcHnYW9UtlBjFaoyqWe6AIkkXmxJIhMXcTI1LXxYZmmdIBBFjYDVKAx5g5Ytcktb8yjKFRn43AyIOWbHmNBOnNKYesYPtGNDibIa4ZWPEzMkO5WGhTLhfF/ZPc54JzgmRvoLg6XAVVfWDDDWyAdSAT6wFJSxUkTvp1UW0O4QiAwoz1fhvFgSIBc13KBlJixBIjXaVNW4XQLnVSCMxHeDgTLjrfT18lQcHxN7m90tBabg90kCIIOhI+6c0+NRGdocDqHdbwSNfNbVzKy/OJibTsGtDX4lxfw1hpGmSACIJtPQzzVfqU3YEe0puNRpIztcdBs4QJHx1SfE8QLphzskktAcTA5SVlLiLzZxnp080rLqUPIHI6MPHpXA+Y2D2I3/wBXbXBc203ib2UXD8eXlzTq0+rToUpZw3v56Lg0kEFpnLPMRorP2doxSy1cpcSQCIMja4S9O7tlDX+fvL1KImIgD8faQ1O8ErDHCoORTZ+HLXEaQuHUZIPVdgqDOMRcIw9OyU4gQT4p1TslmLZ3iq28QZFQLDqu6+FY4aBQ5YSrE8Te0kBpKqqEEQHjXZ9h7zQAfmqm/huR5aQvQKWKNRuh9Eg41gn2cGnyGyBidvEaDK5isIANFWsSzK5WvGB+X3XeirdXCve6zChxbvMtYEsTH/Ra/wCT4hYn0YVieuvqRoh6lUlSsw+bmpWYR29/FHcGoBB2QvFMeYyAxz+yccRe2lTe91so+Oyo2JxJyyT3jc+aFm8Rir5keIxG2yDfVuoX1VG1+rlncxyiEOMaz8Co3v8ATqow9aLpWYx6yZjpsuhoo26E7xbqZH0laDkJhiENqwZt8l0ys7Yx8ELKkahIjBJPabLkMgyFjQpmMJsP3uq6hXOqdVxEO8+iZ0eHEgOBaQTAOa2222oHkoeGcJfWnIJiABzcTbZWjh/C6Zc1jnhxGtNgvI1aSSL9Seadjw7uSIt8m3oxE2m9ukZgdb7Hn90U6u5w1G29r/4Vk4o+k2kWMYWEDXmJyOaTmJOo1VbrVMzHEnvNgXcL5y6YG0OAt/Wgz4gooGHhzE8kRhhng2JgwJ6jT1Qj6rqLXTLspAHVs6oWjjCyOkH1/ZTOhXactVw1BblMQ4NMmx11+C59eKmu4XwzFSQ4RBEi9x0IVgwj3Gq0hwAmLfEFJq1enUhzA1rjsGxtGUgeV+icYLE0wzMTDtI5wixL89A8RGZiVsj7Q/H14eQ7UfEbLhtQJfjXOe7NooA5zV6NeVE4DCjUbnEBciCgWYgbqRz+RV1JCnU2gIKphGO5LTqpWjVAEqqlgCE4fCsYNlDjGsIKD/iHONrhdOYSLlQCSBvwrDaPghmcOpgzARL2EFRNBnop1LEn/h2cli7tzWK5VSbDVwLaInMOSXmnuP7rMPVg3uguHUWdrnzTY3ZzxPgLqkY18yrz2mINLNyK89r1Zg9bpZ7MaOhB6pUZN7aKTEH5f2QmZLYXDUwppXYQzHrtj5SCsevUnc9Y1+6jxDMpg6wDHiJHwIXAcYVbYY5k+ZEUxLc0bx0sgIKna8gRty29FRAjIXQcLGJRNOqImZO+tp+6XMaQYhSsJGotG31QbRcuWngPEGscXiQAQHbgzoI8M3omdahSJe9j2l/eccjnMdcyJBAHdGpbEzoqRRqZDIEx1hcPxrzo+Gg2A/D0B1+KeuT5aMSyWbBj/E457m5SHENBE69ZPSQlL8ReWy7LJvoJsD6qMPeWkd8j8QuZI5qXCYR9U5WNyjmbW6pDcmzGqQBIcPiHF0G/9kypYsvMAl7xprbaJ0hFM7N5Gue9zYA7smAHHQ+X0Vfbg8Q57shflcYgSA4dQLFV7tWhbyOpdOF8MrnvOIbzI+hTalh6VOqPaVDnIloOgm0u3M31QnA+C4hlNp9sRNsrh3QVLi+C15zuYHEm5aZ0+imNdrbiIzGMebh2odV0Y/cxzm5mw4c2mfggKlQmyVUsbVpWyub0ghSs4s0+8LlbV1iebmbL7KfvGbEJ9kTupQ1wUeHxbCfejxR+UO0IKeuZG6MwZNLmx/UpgftToV02lOllJWw6iexwFgmxEkZTymSPMIn27SErbinwQWlChrnTBPgqlRnVIcbeq5fRJHVLuH1TnLdU0diCLQpL6gDqbli6dXKxXJZkdXF7SuafeEpeQJk3K6FRxsJ8Auc2qA4XmdrD7Ldhuc0P5nHGe/TLWmXTPkFQ8bTcw94WJ8vIr1fh/Zmq+7hlHXU+WyU8a7HVBRf7RoaxlwWls335keKiO5FsIvVY8CELjNnzzPPGsJgXm31+6Fy7bpzhMAS4kvLY3IEQOpRGONCxc4SPy2+OiN8guplCyvOaYXTGlEvxFIH3T+sIHEY4GMrMsbk5p+CgBbxCL7e4ZXeXulxkwBP+0Bo+ACjy8yFBhcTIIIaTzgT5TZH4Xhrn+6CULDb3Gq1ixNUw0kBtyUXUZkvbkmeA7MVHaiE2xHZCplB22OyzM4J46jATKXUxjWxm16BabjqTjdzm+Vk8xPY+q6yBrdiazRmJbl8YPxTVbEezzFtvB4nXtIDcjGEc4z5vEkn4IWvXLjdob0Ex8Sn/AGR7KPzl1QwJs0GfMwn3aPgDAwuDb8+qBmAbbd/eWORzK9wHidTKabCI2mDB5X2P1U2G7Q1GVCKrcwJg2AI6g/dIK3C8Qx0t8iCjizFtAdWoF7bXcCD+ofVPUqBtaiP5mnEy1tYRrx/i9ao5ooty0QIzubIc4iD4RpHimXZHEVWhzagDiT3Tb4AKTs6cPVa7N7Wm42c2ZBtbM1wIeOuqtvA8JTa1rmxP4gABlI6clWRBQGM2P5isny33UKwuCquAkQ2QSDYonvUjYd3Qg6j980XxDFvazNTgmBYib8oCBwPFP4lsOYWOMtvuRuOisbUO2+ZkDOw3ECvMZsZTqCYB8YQWK7O0H6sAPMW+SqvHsbiMNWDwHNZABP4SeR2Vh4H2nbXb3hlIiT+G/XZPCKwoiNbBnxqMuJrH2PUW4vsYNWPI6G6TYjguJo3EuHNp+iv+L4lTpjvPExIaLk+AQfD+PU6xIAIPWFnbFh3bQaMmP2rmXh6I+8ozOM1GHK8T0NijaXF2OsZHyVyxnCaVYXYD1i/qqvxLsc4SaTv+J+hQlc2PlTYmxc+i1PGRdpmMZIMSfBBiiZOqVP8AbUHQ4Ob46InC8TBd3/VMTWDpxUVm9kNW/CbEBq1jSqyUy/iS8S35KPF4NtV4IILUWQ2kyAtisGFjqcjJjZDtYUYJkf8AuFikbiHcgsRQJJwrgNSvBjK38x+gV14ZwOlRFhLuZuU0ZTDRAEBdLJi06JyeTN2p9oZc/AND0mgEn7Q4V1YMotkNeSXmLQIgH5+ScrE5hYqYg1G55j2g7MCgx1Sq8PZBaxjQWlziLZr6C5gLzPFYInbw6r2bt7iASylrYu6ye6B81RKVODmLLAwJ6bLKwCtxNSsSvMo7uGvj3T6Ky8K7L08g9pd7rxyCe42kBfY5YANjI+6XPY+buLSfkNpQZGeqhKVktXgtGj3gxrgP6o+ELG8boM0puB5DLHrKCqYR3vA5vioafCXvNmOI6fSUpNp+ubsPuzwZYMN2mpuIDszPKfiE4PH6LGy5zwOZY+Om3RVXD8AcXBpBZO5Nh4wEz4h2YLGS6oSz3QNJPLdNC4OwY5hhHmGv7YYc2Bd45Ch+KcYw9Rh/7ne1bIcL+irON4OWTkaX3s7MI8YAv6oLB8Mq1SQGkZRqL3O0KHDhPNwLxeDLBgO0wa0NnKY1iLg84i6ZO4qK1MPqvLGTEZZJPKBvuqtS4dWY6Ccg/qDiPkU2wWCr1GkOY0ZYyPy90yTcHSbfFFtxqtg3IyqBdy5cAwtBzWvaHXByueL7xY6Sm1SmHAggQdlQcRisW1kipBEizB6kxZMuB1sTUzOe6B3bCJgTJ6SZ9OizNbdTMSBzcbs4HT9q3M5wBdLWiQHSJAB8BtzPkwrYn2dbIGe1Y4Q2G3YdjmMg/ittHVKDgKhIBqvyl4dE7AzFtFaqIDGGLzcTqJRoGvjioDuPW5zhcQ4gtdTDSQYvYgix5td08UfhsCwQ5tjH+YVar0aorNcyplp3L2mTcEERoQNd074TjA5zhINmkQQdc02Celsfm59JmyN/T+4TxLDCtTex0XtcWXn2GFTh9Yktz0j3XW/CefhzV94nUcCA2xO+yrHGfbDRmYTGY6EbhMORlbgcRum1Puwcbcg9iWjE0aeJoh1MtdI7p2NtCRcfRUDGUnYeqQ0uYRq0wYPiNRG6ZcIc7DirUp0XZ4AFPMA10ic0TcXUuEfVxZjEYNlPPf2jTDhyJv8ANBnxjIoK0D6wcmnsEqQR6kgH8S18ExAfRYQZMDN0O6OhCcM4eyizKweJOpPMo1aEBCgN3MUDxmBZUblc0EdVSeN9knMl1HvD8u/lzXoJC5IS8mBX77mzTa7LgPynj08Tx/D4p9N24I1BR78R7QCLHlzVs7R9m21gXsAa8ejuhXn72PpOLXAgg3WM+8wNx/4Z6FPh/aOPqm/mPRSW0HT4q6BoVif8cPQzn/6M/rPVlhWLYC1zhSo9ieNuquqYd856bnuBJ1aXm3kTHoh+3faBlDL7OuBXY7+WLgyCO+BpAM3Krvaj22Dxr30HZHOaXSBIyu96QQREj1hKezuNwxxPtMa01AZOYy4B8zme38Q9Y5csYytQQ9+suqnbuLVcRFWr74tysNI6LTeL5jLyJB8Lbx1Vr7Y47CVqLKlGrTzMOUAEAkOgRGttfVeeupkuMQeahBDVc0KbWOcVjM2QnQRBHJQmpndl0i45Sont001GvRdMDQ/WJ15Qga4S1CBhO4XCWuImNky7PYuYYddD4rGPBLWRMzmgGwhQVMBlcH0nC8/DmEp03L8vcaj7W5lsYxokmIAVU49xFz7t9waA/iHNHDE1HNyOsHDbcbqHiXDS9haDcaGNIiFWJK5aTM98LEmBxpcJDS6RaDIBjefVS4N5ovDrwSc3+Oi77P8ACHUf5jpJFh0nUg7p/Upstmi87fNNZFIoGKRmHJklLH0XgSZnaCdVL7fO/wBk1hDGNnNoC7YALGYVrILQL30RDnhutpCWuLabJjmzbhUlp4ZvJapMDZAEdfHlzXVN2hv6rp9weifxURfMkoO/ymAkix8kqpQNzqNbpk42hGnXMFu+IM8TrBHW67w4a0hzWARplABPT4oSpXAJbImPNBUscXkZJI3I+nX7JT5AouWAOzH+Ixkkuc5rGMs4GM2aAedtQqvxHtXVdULGNENMAEAkkWPgqt2opMZWfmLi+oA9pLiIucwImCJAOmyC4ZiHS15PemZ5nr4/VaEYsm5fPU6eh0yMu+gSQaueg8KcariXNOfdp2B3HRWOnRLGgJHwtp9rSfoXMh0bSZA67q31KaHHiK/Mez2PFzBqVCOCBV814BgdHEkG6PY+UvqUVug8tKcCR3MpAPIjJaK5a6V0UcCclVftdwQVWl7B3mj9QVoK5cJQZEDrRj9PnbDkDr4niuUrFdcf2ULqjnNMNJkD5/FYub7h/SerHtTDXcur6kJZxvirqDM4ggag7+C3WxSR9oKwfSLF02NDiePHcGwvat9SqaraAc0NyuE3jXWFUuOPoV6jntpijOzbCeZGk+EK4dlsPSp0XPe/vEO7s/lm0fvVULFYgPc5xAbJuOXRZsxoAE9y9wANCJccxjNSTHxTjAmlUYHUwG/mZMwfNbrcKwz6Wc1YfFmDLPml+F4ZkOZlQh3hIPQpYYAVKV67jMyTHKR18Vw6oBEAzOqFbRqNAkh95Ny0kea3Xqn3i06+MeiosKjQ4PRjvhdUZgdUwxOJa1hBJbaTHvAblVjDY1t3TED4dQjqfGmEQ97RPu7tPSSLIRfUbYMsdJjS0OYcwjcyfFaPEmtF26a9PFVz2r2d+iXPZ+UCYM7FEniIcQXtAdGhO2xsiv8AUBiF7jWrUY98j3gAfIGVxWxTS4HpfrzCQiuA8HM2Ng0kujwI0RlasA0ZWzvBInoqsesH3i+sKx/GxSaHHnAA8YhOOHva/vk5pAi+2tlUauN0c9rT/u9Bc+KkpcZexwDWF45t/L57q9w7EoOCZfGPaBPwXH8U0a22VCxna1wADKL5vMiAEkq8VxNUk3aNLGw+bpRfMftC3KOzPUXY5jZBcLCRf4qSnxphbmL2xHP7rySkzFYh4ptDnEEy67WjYydSPBNsRgjh25XvAeB3g05j0tt5qm3KAYDZFkntMTjMS8gljASWjMW9wOEe7cnfyVt4fUFGGFoy3l1y6SZLvXZJuxzgXDSTc8zykqyY6luBusGbUHftI4mZ3LGJ+0nCBiXU3ZmADVx7zoBsGxsd5UFPgwgB1VogkiGO3jUz0CZimTYW6qYU/wB80WPWMg2r1NWHWZcIpOIy4XSh7CCCALETBixsdLqzUcVmdCTcGo5WyRpcW1nWPQJjgcOXOLrgE76razZGCMvnuN1GU5AC3dRi9qGe1GubAhCVgtgBrmZhO8M/ZEoLC6o1EOpRmiuV0tK5U4yrF0sUlyuEpRx2i8sJYE1ldU3AESJG6Ei+JYNGecUsU9h1uluPY43buvRO0XZxjmuq0xcXe0agfmHNqodc5eqzZVAHzQzR5gP8MQWm07xzXbXFonWNtCVt9Q8ih31Iul0K4kVFPc7ZxmmXZXNewzEuAifEGydYbCudGUeZNh5qv1qDXtMAFBs4aIglw6Xy+iH5DyeIZ0oJ+Uy0Y7g7Hie64xeHCR4mY9Ulw/Zms+SWPFOQe8WkwPyxESh8K803CXOyAzlB1i4F7DxVuwHaxz+4aWURMgzb0RA10YXudnJPEUcQxGJa0sosbky3cRJB3bBNvQofBVH1Gn2sB7IAjQt2n4j0Vi/1Smxr3Ve6DGUCSTz08lVhjmufFOed7Wm6Am1oD9wHUMpYGR4dz3Fz2sznNlAmICXVKmIzZ3PLCXAACbifw7QFaMJUDBZggzbx5qbiNSi5gaWnPE5jsBeGa36lErgeBMgMTVG4hokOzzbKWh0g85QuE4hXY4sDGMv3iG/K8fNb4hinEBrBAA3Gv7EIjhP/AHGkugOGo+RCscL0IbY2UWROmYeu8lz6jcp0t3iJm8BGNwxZemMxPvZu75zKIw7MzWun4aIg0yYGihi5Pw5tdzDkOU/iySQdgCT1KmxPCHU25nEFztRuJ3PNNOFn2VM2MmD6Ef2Q2Nrl7pVNtC2e5IpwtF9E56UB42Puu6dCmB7SYiINOlPi8+osoaeLpZy1zw1wiQ4FvncI1lFjzmaAQd+Z3PrKyZFU8kToaTArk7x+5FQ4tUJGZjL7NDx83FWzh7M4EsLSRNr/ADSrB8ODntI2VzwNJs2Fm2Hkm4dMj9iMz4sSDgQjBYMNYARJ3+yKAhbWiV1FUKKExE3OXlC1UQ4qOFZlSPDMRC01sLasSpi0tpL2l4wMPTJHvus0fXwCFmCqSYzFibK4RezF/Eu1FKnUczXKY+AWLzyqC4lxNzqsXP8AicnrPTD2Lirm56ICthA8Px7KzMzHSNxuOhGyNaV0AQRYnmGRkO1hRh+GxUQCYI913/q7oqJx3g7nVHvYxrQT7osGnp8/NW0Fc1m5hB20O46eCXlQOKMETy3H0ajLZCEtvoQvWmYYEw8Dp1QON4DSfq0ApS4dvUYpAnlmd7DLfMbFE0uItNjYq2Y/slYlrlUuI8Icx0G/gqbGD3HK5HU098ybI7gdInO/aw8ybfvokbqFVg0MdVZOylbOyoxwh23zB9QQg93UrM+5airjuLzuyAAZJHidCfgueCsHet70AnkBJt5kegSuuYc5pNwSDPOU+4ZSDWtjcT5lRvlWovIQuPaIcxkW358xsucVRJZnaJLbHwIRIol0nkp6bRkcIkiSPEBJqZUNMDK93S2TEoXAYprH30dbwuLnwErdUEyFvhOGa6swP90XjnFxKYleZ1M1MhuWfAMZTAaAXNEwTuNj4JjLXEEAC1/ultWtmdOo6LsYgtufKOqvcROXUe0MQ0kzcEQN/Nc22Hj/AJSzDPMOMGBHxsFJSq26T+/FKysSKl1fEH7QYTLUbVDbABjuvXrqrDwrDDILQdb8ih6WEq13SW5WAyM1iTsSNfJWTC4TLG55lRMTP31Ox71caBR3U3gqEaCCfVWXCU8rQEJgsLFymIXQxIEHEw5chY8zFy5bJWoTYmRldNbC6haUlTFpYSq7xntOylLacPf00b4nfwCF3VRZMbhwPlbagsxjxfitPDszON/wtGrj+915pi8TUxNXM6XOcYa0bcmtCIFKtinlxOY7uNmtHKdh0TtnscE2feqEWOjj0aPwt66nosLFs7UOBO7jGH2ehJNuf4kFHsl3Rnqhrt2gZoPKRqefVYk1XtBiSSW1MoOgEQOgWLR8Mkxf6tqP6v8Ar/EqtGrUovzNJaRuPkR91beGdrmmG1xB/O3TzbqPJU6hxR4GWqzO3no8ee6LpUadX+U8T+V1nem6RTpyvImk6nT6kVlFH1npmHxLHtzMcHDmDKlzLzBjKmHOZri082yPXY/FOMJ2te21RgeOY7rvsfgmLqB03Ey5fZrfViNiXdcPZO6T4PtLh32z5Dyf3fjp8U3ZUBEggjmDPyT1ZW6MwPifGaZSJA9jgNJSPGYIF2YhWUuWiAdQoVghpTcexjm5bAquYB5o1g7yPnp8V6TieG0niHMCSYnscxxlj3N8YcPolupMLcCKlO4vw5r6xdoH3mEa3C+ypjvgwO7YnwsntTsy8NDQ9jsuhu0/IqKlwOuHDOAWjk6fSUlg1UQTB4IowDhdcuY7PDS2S4nuiDpruicDiKbzDXtg6mduq647wN72wxrgJZmbHvNBk94b7+SFwHBHscXezcA0W7puef0RYsW403E0YdNjeyTUH7TYBjXMdhyYdOYAWBEQRI3k+iQGhUY4Ey0gg6Rpdek4ZlX2XuPNrNynU20hLX9matQOc5jw+YALTBaAANrb+qc+AKtrHZERVJ3RJhKuYXN9wjnOAAUlHsviwYFA+Jj6lO8B2WxNi5gafIkeEmAfJZgjdVOcU5iNlF7/AHGP8gb+YVw4Jw8UmCR3jd06yiqXDn02XIje+Z3oAsOMbSaXPN9hAJ6JZyJib5jzLFLCmHYJphKIFybrKNBtRrHfmbmBFjBAsfVG0sM1ui3It8wi1iSM6LqFtaJTagza0UvxPGqDJzPaTyHePoNEkxXazanTPi76AfdKbMi9maMekzZPpX9ngS1EpJxLtJRpSA7O78rb+rtAqviamIrzmcQ38vuj9LRJ8woauBp0W569RjG75iB6AG/qPBIOd24Qfszamiw4vmzP+h/mdY7jdfEEtFmn8LeX9R3+S3hODiM9UgNF4mB5u38vVLv/AJVRByYZmcgTnf3W+Tdz6JNjeI1Kzpe8kctAPABUuns7shsw314VdmBaHrLPxDtG2m3Jh2i2joho6tbuep+KrTqjnS9zi5x1J1UYAC72K2KoAoTlsxY2x5ghctrWZbVypPj6bL6KsYsCbIrHOeCQ6QUEWrFhxlBybhCwKMMwvGqzLZs4/K/vfHVMKfGcO/8AmUzTP5mXHp/ZIC1ckJrKrdiGmV0NqSJamcPpVL0qzCeRsV0OG4mldhcOrHf/AJVRIRWH4nXp+5VeOhOYfFKOEeDU2r7RygUwBH3EtNLtDi6dnQ8f1Nv6tgpjQ7Z/non/AIu+jgPmq1Q7Y1hZ7GP8RH3RtPtPhnfzMNHVkfQhSsq9GWdRpX+vHX4loodq8O7UvZ/uaf8A1lNMPxSi8d2ozzMfNUunxHh7/wAT2HqPuEdR/hDZmKYOjsv3UL5h4BkOLQP0xH5EudFrX+69p8HA/JG0+HyqMzgzHXZVpnzI+6KZwuqPdeP+NQhWMzjtZR0WlP05h+xUvDOHt5ImngWjZUWnh8UNHv8AKrPzKna7GD8VT9bT9UXxJH/EwDoF8ZB/eX1mHA2UgphUHNjvzv8A1N+61kxu9R36x91PiT/Sf7QfgB5yL/eeghq4q1WtEuIA6qgHD4o6vd51T91FU4c8+/UZ/wAnkqjqG8IZfwOMfVkH6lh41jQGOyFt9CXAR6qoPaXvkvaepdPylGVAxoh+JotA8PqUFU4tgGe9i2nozL9JWFtLkdrIle40o+rJf4EuGA4zSo0mhznPLGwMo2J6wo6vbAfgou8XED4CfmqTU7bcNZo19Q+DvuAgK/8A1PpN/k4UdC7KPlJW5MecKFsCUG0adAn8mpe38fxNQQwBvVrZ+coarhcRU99ziP6jA/ST9F5tjf8AqdjH2aGMHgXH4/ZV3GdpMXWs+vUM7A5R/wDWEXwxP1MTLGuC/wC2gH8mevYj2FETWxFNg5ZvpZJcZ29wVK1Nr6zhvGVvraR5FeWjDucZM33NymWE4cLGx/wjTT416ETk1mbJ2f7cR/jO3mMrd2kG0WH8gBd6kfRLaeFe92eq4vcfxPcXW38ETQw4adBB30iLIxlO4aDJ0IHrZPCzMTfMHw1N7O+wDKCNDoeRRtOqCdgeUz6LVQDQz1F9rTHwlDVMsGPXWPKFRWWGjh1OwKkqMhqDwtSWhpdIG7rHwMn0ReNeAAFclwHIFim9kFiqSSdp2CW2CqzlixJjBI1y5bWITJOSuSsWKSTTkONVixWJJKNFHU0WLFUkAq2cYt4WWMx9UaVHjwc4fVaWJ46i27h+G4pXn+dV/W77prR4pX/81X9bvusWITKbuSHileP51X9bvuhMRxSv/wCar+t33WLESyorxHE68/zqn63fdCOxVQ6vcfFxKxYrlnuchYFixQyGaWOWLFJDNt1TTDtGXTf6lYsUkjSj7q0NfL6raxFKhTfd8gpqB7n75LFikkHrHueX1UbPfb+91ixSSW7g9Fub3R6D8gRXGKTcje6LaWFu+sWKjLETrFixVLn/2Q==', 'available', 80, '2021-05-12 16:01:24', '2021-05-12 16:01:24'),
(4, 'Tapsilog ala Elsa', 'breakfast', 'data:image/jpeg;base64,/9j/4AAQSkZJRgABAQAAAQABAAD/2wCEAAoHCBUVFBcUFRUYFxcaGhcXGhsbFxcbFxsYGhoaGhobGhcbICwkGx0pIBcXJTYmKS4wMzMzGyI5PjkyPSwyMzABCwsLEA4QHhISHjAqJCk0MDIyMjIwMjIyNDQ0MjIyMjI0MjQyMjIyNDI7MjI0OzIyMjIyMjIyMjQyNTIyMjIzMv/AABEIALcBEwMBIgACEQEDEQH/xAAbAAABBQEBAAAAAAAAAAAAAAAEAAIDBQYBB//EAEEQAAIBAgQDBgQEBAQFBAMAAAECEQADBBIhMQVBUQYTImFxgTKRobFSwdHwFCNC4QdicvEVM1OSsmOCouIWJEP/xAAaAQADAQEBAQAAAAAAAAAAAAABAgMABAUG/8QAKxEAAgICAgECBgEFAQAAAAAAAAECEQMhEjFBBFETImGBkdFxBTKhwfCx/9oADAMBAAIRAxEAPwD1UCk8Dc69Bqaja+ToNPJfzblUU+w8jA923aqKIzkTtf5AR9W/QVEXJ/cn9BTQOX5QPZdz71Ktqf3+Q0FMKRfX6/2Fdyk/uf7USUA3P5mnLB5aee58gKDkkFKxtjC829hP3qaQNFUn0GnzroQkmTpyj7/v+w7oo/OouTf0CkhQegHrr9BSCdWP0H5UNexyrzzHyihf+KtyUfMn8q5Z+qwwdSlsrHFOStIsjZHU/Oum0eTfMA1XWeJEtBGh2jr6k07E44geEgdZ1P00pV6nC4uSf+g/CndBD2G6T5gkH6nWhWstyMnodG+VRLxVxvlPsQamfiKEbGfbT0NLj/qGKtS+zDL08/K/BC0jfSuSaOsXFcQYMfP/AGoXG4Vxqmv+U7+x516EMsZx5RIuLi6ZHJ60u8PWqpuJ5TDKQeh0PyNPXiq0eaNxZZ94a6LpoBOIoedTLikPOjyQKC+9HSlKmoFcHnTqNgJDbB2NMayabFdDEc6xhjKRXM56/v2ohL3UA04pbbmVP0rGK+WBkGD60Va4g66N4h8j867dw8bMDUDJWCWtnF2355T0NTMtURSprN9k2OnQ6j+1ABa0qhtYtW38J+lTMsUTCpVyuUxh1KuUqxgQf7SPsn61Itok+fzP6LUmVV3PsN/c1G987DQeVABJ4V336D8zUb4g7DQeVRAUprBHIJMn5dafjsUEA2zSPb99KYg/q1AGsfaqjiDSw9/y/WvM9X6qUMTmv4X7OvDhUpJP7l5Yx4Kk6AwTBI5e8/Sqq/iGb4mny5fKgWYjemd9Xh5/X5MsVF+O/qduP0qi20F5qWagzfphxIrk5HR8Jh5bnUbPQLYzTeoHxoot+wViLI3ajN+ql8ZUQxVK02UWNGp4fi4NW5xOgjboeR9ayGAxNXli7I1Ov0j9a9/+m5JRhxZ5frMa5WizfJcBV0lY18vfl6is1xjhfdEFSSjTE7g9DV2jCQCJ1jTfb/eisThQ6w+qx11HmPMTXrNckcK0YYrSk1aXsCVYrvB36jkaibC0nFjWCLiGHOiLfEXFcbC1GcPW2gaLKzxQHejbeKVudZ42acsimU2DijTCkVqisYthVjh8eDoaoppgcQwV31pKwO1dimFGFKaVqWKUVjEUVPh8Qy89Oh2/tUZSuRWMWVt1fbQ9D+VdIqtH7/tRlnEzo/z/AFrGJaVPyGlRswDXaRNDX8RFBugkl28BUdoM4LD4VIEcySRoOm9DIjOwA3NW7hUVUG41+4J+9RnK0xktgmMYqsczVZibTMAw1OWdPLQ/QCrTFlSYqIgAeAR7ya48vplki4t6OjHmcHfkocRiC3i00AH3/WhHumrHHYZtWHPy/Sqi7PSvn83pZwntX9T18OWEo/KcbEGoWxBqO41QlqWOL6FuSJGvGojdqNj0puU1aOFvwK8iRJ3lS2QSahS3R1gAV04/TeWQyZ/YssHairXDW82gMHlVPbuedSDGBeevWvQxqMPB5+RuZbLeu2pJBEE6x+9DRVriJuanUGNdiKgwPFhcGRiOhnnUBsMGKppuV9K6+knF2jnr3Wy2v28xzDWQKgaxU/DZNvXcE0SUq8XyimTlp0VTWKY2Hq1Nuo2tUeILKhsPTDh6tmtUw26HENlO1iud3FWWJARGcgkKJOUSY9KyDdsrVuM6m6rGcyLke2PwlG0f1kelJLinTGjFyVo0dq6y1ZWMUDvWb4Z2jw2JuMlvMsRlzwC/XTlVuLJ1MhQNSzGFA6kmmjL2A4vyW0VyKzvDu09m5e7i2WYgE59ApjfKN60iMG2p4zUuhZQcXTRwVwrToqm492htYQDOGZiJCrExtJJ2FGUlFWzRi5Oki2K0hVXwTtBZxVvOjqrAlWRmGdSPLp50fh8VbuFgjqxU5WgzB3g+dZSTA4teCfXzpVylTABb1/kKgAroFSIk1B2x+iz4ZYyrmIEnY84/Ko7yjO067ewgafOaNTwgCIgUBim8ZPz9hSZaSV+4YXsq7tw5z60Zb1FDYl9dqJD5UE9NPXnSQ03saXSG34iqbFWgdqKxGIqvuYip5XGWmPjuPQDdta1A+GMVPdxJmmvcmudYYnT8WQEUrvd0SKRE8qKgkb4jZAigVNZIJ12proRURHOmAG3r6jRRFQP8OYUPkmikXT50e+xeh+FvqOWtbHCZntqUK5huJ3HL3rI4fKryUVgdYYDQ+Rq1HEgqxbUJzME6/M6bnQU2OfBuxMkeXRqbCECGgMfFpznnHtTyKpuD8TNwkNuo+5q5Nd+OSlG0cs4tPY0ihcbi7dpGuXGCooliSNP1J2A5mmcUu3lX+RaW42s5nCCOg6k+wrz/AIn2xxmGvhMRbTMBIWEMBh/S6yR13pZ5OOqY+PFzV2vyehYTEC6gdVdQfx23RuvwuAT7VW8bu389u3YQyWBdisIF5eI6b784msJc7aIwvXMjO7rkKuc6KjaEKggbxvO5ma43+KFzuyuTxHTQEQIjTxaHzFI8nJVv7FfhcXevuy17QcQ4nhnuOVBsLu6LFsZtDv4tJ3OlUeKsYSzh0funxIuaviYuBEZvhRTsrD6+8Cy4FjcTf8VvGTcKM961fH8s7SEiVKmQIyg71X2cX/CYTEYTEJLM5uIqkNaJ0YKVMZreg2PtpUm43Vvf1KJS9k6+lDcP2RRw74bFq1wCUtkBGnoWZoPqOoo7E8N4jew6W3tnvFLSO9tSVGstDxNYvivFrdwWzbtJZZVyuEnI55NlPwka7dfSlwjFK1xRcN029ZS0R3jtOiidgazi2qf6DGai7X7LnBcHx+HuC4MLdLLsUAubj/0yw2rXdnO0l97hS/auIdIzWnST0ggVgW7RGzcfuGuW0khUNxiy8oZtJIM/anr21xn/AF7mvV5mPWmimnf+wSmpKm1+NnteIxeW27xLKhfKdCYEx11isX2Wx9rE3LuJxAXOWIRW8QRNoE+X3PWsvhsHj79v+JBzIwYZmueIwSDM8t6C4LhnQsWOp0gGmc238yFUIxXyu7+wd2n4Xbw90nDkNbfUKNWQncenSvQOxXDu5wq5j/Mfxv5TsPYR9axY4RdfxRWp4ILigLrpRhFcroGTI3DjejVTSqFWNKuk5CHSjMABmBP7NDZDRuDQc6kghVx6qsRJJ9jz5/farG6efKgVuQC3P6bwPsajnipKmymN1sgvLET7UHfvk+1TXrsnU61AzA771Dl4HryB3XNAPVs1v60DibJFCUX2NFgDiki1N3J6UkSKFD2cKVDiEIGhg0ZFQNqaDRkwQZo11puadhRFxDy0rioANa1DWRKKnYaD98/7GuqVpXdYjp+dagWORuutSFKEbEogOY+9T4bFoy51IKjnQloyVlvwp8h5HWT84AP1+daq3cDDQzpWE4beNu65ZpUkEDWZPiOvoRVjd7Y2LVtSFzjN3eYGMxgmQYg6iD8+k9OLKoqmTyY3J6LnG8dw9tij3VVxlEfE0k6LlAMnyGtYLt2Xa2HZFDeJXJsulxrasrByX/ozNyiCYiBUXGeIoly7ew910NxpLwpK3CdQAVDInKZnr0rGYniN+/dCnvLtwkqFGd3ZucKJJ0H0o/Ec20g/DUEmx2FdbbeJBcUxmRiwBG4+EgyPWi+0vC7aC3dtQEfTJPiUnxL5ldxJ1231NAOr2zkv23R18RDCRlaMp0O24+m4NWGPvWzat7kgyYAgAba76liPQDpQ3FobUotldicS63GuDwHTbQTlHL2+tF8N7Sd26M9sXchJGcTvvrVbhnzNJWRM67UzH3B3jMViSToI3p+EXtrYnxZLSejRf/jhxne4pR3Slg6W0t7q+pK6gKNDHoaE7OcAvvjVt2bgBQi4bq6qiiPFJEE6xHMz0q57EYprrsbxJw9q075CPC4URlzHSBMxOvzrRYTEYBIS2LmHNwlndLhzAAHKkiZUiT5EjTmA58dMyx8tpfgz3+I3ZU23F+3bVEYw0XCxZvxsHAIZjMwI2M61QcJ4Mr5WZiIOqxpE7A1r+1nFv4lEdVCASjGNWQgOuZuoy/8AzNN4fjrVu5hcK1uyA+Vrl1oZo8TlSxML4QEjcE/PLIjPE/4rstsTj5w5tWUJhYhFkKvttVN2Twc38txSMu4IjWl2t46cRbRMPKIC8KujMFIBDqNTGkEgaE8xNC9heJN3oRzMyJ59RR5cpL2Bx4x32envgVGw0pyWQOVF4Y5kjmKjZYrpo5iOKVOpUQHRU6DSoKkR4pAjcS0Az9Kq3u5hlA21n1OmlGYjQmmWYAyxGk7bnqa5syb6LY2kD966p6HaglUSSTM6D3/OrDFa6bRVcts5o9zXK+Wk9llWxto+Ig8qbi7uWJqRzlctGh/vtXBfVlJdcq7CefnTp/LVitbsrnc7inmSJo58KIBXY7VM2DW2ue6wtr0Pxn0X9aEccrA5Iprr5RQjNcOq22PnGnzOlWr8Sk/yLQUf9S5q3qAdvah3R31uXWY+Wgqnw67YU/oVLve6Kvqw/Ka6MLduHxXLa/8Ad+Qq4t4a2P6Z9SfyolQo/oHyn71qQbAMJwbriLXyf9KN/wCB3d0uWm0jRiPuoFSwOaD5U5AvIR6Uy4+wrswHaHgWOS611rFwoIhrcXFgbyLZJX3AH3qHDcaFtDbuW3yQCCsRmYZkDHkNNRvAI9PT7N9l+Fj70sbg8PiRlxNlHP4ohxqDo6ww1A50zhGRlOUTz7C8etxnNpdBlgHKoLSA5jUxAkc5qOxicOiFLlq26wEVs2bIGUHQaw2hEjVSxgyNLbjXYB7Ze7g8t5WVptPo4JHxIwIV2B1AOWI2basbhcIrXFW4GTK5W4vw3BlUk6OPAZ0g+VTeNxeyscil0gHH+G7dRZCK7ACZ8IYwCefrRvCcNIF3vkt3CxQBSxvRGpB2TQwD69Kbb4DcuXIW4kMM2Z86gSTAbwkkxqcuYb6mKHxvBLttvCyXF3LoXKLqoOcsoKGXQajXMImqJxapNXRNxkttOrNRxfFfxFu3ZZoZHuKRlVRA8QDEGW1J3AG51Mmqizwa7dWVNsW5yo7NkVnZgAiZ4LtsdJGUzNT8O7O3NLly7bVHV8kq7M8hgjFApUKSs6tMcqHxPEO7Zu9Rbtx1yvnAdWQgbT4kdY0ZSI6VovdXY0lq6pAWLwlyzfyXiAdGOVlYEHUEMpKkfoana7auEDQdC2g3A0PvPsa1nBey2GxVm3dU3brKFR1yui5yQxQNGUqMx1DCABzNXXDcLgr4uobfekOlxwxckTCuFZfhCgEknefSm5K6ZPi6bXRkMFxy5bwt3Cgo1suVnNm+FjmyRplY6+dV2JbvCrbZmgxy6fQVse0HZLCKLjWlvC4rFjAHdopKmQkeJNYzLPMnzylriq4W2UUq15wwdxkKlCxyqhiVBAE66n0qGTuu2dGJ2r6RLet3L1p7FhAzh1uhVKpplAeAxgnQaA89OlUWPxE5WGjCQ28kyTJBOhgxoBoBzmZOH4u4LgCXIzyJG/i3iaP4zds3WNy6W73KsZAiq0SS7yCSSCBvy508U1Vgk002mXvZLGYnDW2cFblh7bFh3mSLjEBQDIOb4oCkEgNtFR8Fwh/jnAWIc6dJ11HIxHyrP4DidtctplzWj8YbTNPMxOU9CNq9K7B8OU3muSCMojMZZhlCyep6mmx2nTJ5aceS/wC0a3APDAddKIxSQab/AAhVxGon5etE4tdJrqOQApUqVMY6DNcrsUqUwLiL0FV0zOYieUEk/Sg8ViHysEEsuvqOY8jFTY3Dksr/AITMUEMXIgA6kg+v58q58ie1ZWDppha4pXRXXUEe88wfMGagFwwSd9fkBrTbTHMbaqIy5vIGdZ+dK+8Ejl+VcjTuy1ogYggHXSfLz1oa9dB+Iz5DaOnman7mZJJy/h8+n9qN4FgVL5yJCDN/7v6frJ9q0YSk6C5KOyU3RhbQe4Jc/An4env9qzGIvNcc3LhzHkOQ9BRfaDFF7p120FVZeumTrS6ROK8+QlrgjXWmnFNyH0n70KbgFDXsaBziptlKLH+Iufij3/Supcb8f51RPxFetcHFV86RyYyiaFXb8dT2br9Z96ztviy9DRlriSHmRS82Hgaa1f6ii0as9hsYDsQatbF8GmjkXkWWNlrh7+U+VCdpOzSYtTcTKuICkK+oDgj4XI3GgAbdfMSKLs4Utbzgg9QN/wB+VEYG4VaDsa64u1T6Od6drs8SxeLuK5t3FKXLOa2UaRllsxzAGCAXcyo1DTJEUb2Qv/8A7KqAjSVYBkD6jfLO5ClhpqQCNa9H7c8NEJiES0SCquXthuUW3PhJJUnLGvxDpWCxb28STcdTZugFkfIkui+Ei4ECqxBURABHXrGdQ1R0Y+U1d9+DUcYGHuFUWRaTwBFlQhDCTEnOxUEZumXQwawGB4XbLXbmJZxbtvlAWA9xuhcghRAk6EjOPWtFhuL4dEe3ez/xMfGrt3bgw1sBRoRlI+IAg8xyquK8LFy7buWR3rOVD27YljCyGgbAgEHoV8zWTb+5nFV7pB+K4jGHVrCd0o8KhQYgb+ItO4Lc5zkkjSbbh9lygxU93nlLmRwl1lII7zKs5TrmymJKkayJr8dgbltC7GyLYS5bVQwLjVoblqyp8RgnNoKA4XfvWXt3Sp7ssQZIhhoCsTOnSJ59Kmo1bVfUo5N0gg9qsVbDBmN6wfCtwrKOoIIYK05WGWI1gzB2NG4jtAiMBbVEGUNmCCcxT4gT4lYgxmBnnVbxzjQuW4fKGFwrbySVgDxkz8SkmROswT51+IvW3uZraRbJRArHMAcoES0nUDfkeg0A48u7/I6nw9n56QbfwVjFF7jh7N0QS6RlfXfIdC5kGQRO+p1MOB7P2ExQW7dFyy6kWLhVkt96IIW6rlQTEiA8EnfQwRwG1YuNkuBygCu4TRFhiMzDUlJdcwA+xm1vcTyPaNx3XK4uWrad3kyoGVVk6JpIAiRAHPRlkcHXa9/ZCyxLIrVJ+3uzL8U4O2GQM9tP+ax8Wcm5bVgVVShKBSrZjDTGoJ0rT9iWd3upav3bSvlcrlUZB4yFVnzLkyNZHeFcx8MKNTRHFu0NvGq1rvBaOkpcUZRquZwQFPeRmgERMfDzqON4C6ivd7wXDkHetbAKpcDBVEADTKgl4gljzAmryLtfogsclqWv8o9F4Vxp7jm3aPeW0OV7xKwSBshULnMwJygdBEE6W4ZSfKvHuz/FXW5eIhe8uM5C6DMzFjA9Sa9XwDk2VJ3iuiJzTRDlPSlSilVBTgpV2kwrGInFU+NQpLqJ8vzq4ND3kkVKasZMp+FX87wT4oLNHIDcR0nL9KOe3zgSSI1E+gHnUGGwsX1YD8QPplO/lpPtVjjVjbfXntHP5mufjXZSytxBiFBnWSep5/L9at+z6zbujmSB8h+pNUvrVj2dxUO6nYwfv/8AWtB/MjTXymV4gp7x5/EaqsZi1QSTWp7ZYTu89wfC8EeugIrzLE3TcYnoYApMz4ui+JclaDsRirhQuNB05x1qsFxnIUSWJAA5knQCrPAXeR9CPyqz4VhbSOLunhMA67kEem0j3rkearst8P2LbA9g0IBe6zaagKFE84MyP36UTd7AqPhhh5m4D6TMUXZ4rCyJIrQ/8TYEgRoYoP1GPqmTcZxMc3YBm/8A6Jb8xnc+fhMD61Q9o+Ctgntr3guB1JBy5DKkBhlzH8S6zzr09MQ1yQfCoIlj+XU1mO1mAN6ArCULZc0GQ0SCRoD4RB9j1CvNGrp17spijKUqMRh8S06Az5VocDxAiA1VeDw11PH3VwqZU+BiJUw3iAjQ/atHwfgQxSly2VIMNGpfyHMDmfbrCym7SRWSio22XHC8YQQVPqOoq5e2CMw9axwt3MM/d3R/ocaqw5gHmNZ6g+ta/hT50I3j867vS5OXys4s8a+ZDu0lnvMFeQ/1Wrg98pKn2MV4DYSXhWYyDHWI+9e59t8cLODuCde7eP8AtI+8V4Xw633l61bzlFPxsNwiy7Rv4oUgcpjlXVkJYmaHhfYzEX2DXLtq2kDMxbMUj+mBCkhApjPpPUNGqwvDcDglW5/zLijNma5nJhmyFQhyWyVIbMdVnQE1lMfxhlU2LWZEBAIIHeXDqQ1x92O3l0AgUJfdQhBuA9QWBMj/ACcumuv0FRTlJaLyhGL2zTYjiWGxjBHtAADLmVnRgoOhOpzEbag6bdDQ8ewdyyVud4LtlYyQQWzSQouOqjM2sy2405VWWLq5lhW3EESZ16b7Rt561aW+0VtFGlx7RBRlhSHB0OjEjmNTtA6UvGUXfYzlBqumZh2BZWJZxAzLosbyqnXy1I1M6U3vQOoO5nnrp0pLbLSfh6bbGSB1PPWm9wSNTsfbX/YV0ao5d9l3hsSty2QoVbo+Eg5SRGuX/N95PMVPww2c+bEQyAqCjsw3PiIKj+nUxpNZ61ahoaYmPcRI8t+lG4nEnMoYc11ZiWAmAAR0y9NDU3D2KLI62bl8Xw22Lp/g1JE/84ZmgDwqsmUMRsZmegqo4Nw43bk4dmFoIS5d4AEEFFcjWZAA1OvSqu44Odrji4+aDLZmZdSsNzOYLM6xpUdvi1y14EgIV8awDJJYHxRIMRseQ6UOCa2PzaejTdmcI1y/DIEIIDhQAsgDURpqMp85nnXrwXLbA8qwf+G1430zuBmT+WGHNQAYbzGYgeUdBW7xj7CujH0c2X+5gtKlSqwh0iuGnkU0igYiIprrUpWuZNKDRiC0sNI6Hp+dA8Ru5joSB0+c/erLJPlVViwBrI/fpXHnlx7LwVle1x8wQL4SNWkaeUUVhVyuCJ18J9DQVziaryP0qvu8fIdcqH4l1JiNRyEzUotXdjtPo2WJVL1tsPf+F9mB1B5EHkRpXnPEOA3ME7C5DW2PguAeFvI/hbyPtNeh3LcyDt9v7VCMSUBt3EFy2wgq0GR76H3rozYlkjTEw5Xjf0MlwpXdZs2ZVeYCoBPrGmlHX+F4l5V7YQMBJYgf+JMnp61psG1gwttskGQjfCDJ1B5nXfX2qLi3eoMwVn6FfEB56bfIV5eXA8ceTtv6bR6EM6yS4ql/PZncF2ZxBULmCqCQGYg+Gd4GuvIVd46wlp08RIacx05RsPeoLXFcqgEwQBM1T8YxFy4EOVliSCZBIMco8q8+WRSVJb9y8cE5T29F7iXDaKynynUD0O1AFWkLE6R5D9N6K7PcGd0FxiFzaqDq0fiPrV4eEBUY5paJjSNNftWj6TK9pf5A/UY8T43fgfhcttFT4tJk7GfL6VIcSAD4QPYc/wDegGvGFGUkdRqdfIelS4jDNlBJVF3YsYgenXbpXSpZp/LBdLqv2cTjG7k+wbGurqVKqxE5AwkZypUcx+Lr9qnwNsYS1musM2gUDUk8h5n9KDbi9tNLC96/4zpbB5wf0+dU+LxDMe8uMXfl0Hkq8h516XpPTygrk9/+Eck1LUejPf4jcVa5bCT4rjbT8NtIY6/6ig9z0rG8At5bouCWypcLabArl3BmZaNumuuh/bPFH+IQb5UM9PEzA/8AiPpS4dctpYupJzuwzspzKFUKySoG0sw0I99BXTPpi4/7k/YBxGJQ5cxE7HfcAc4PppQ+Hwt285Nq0zSxgKpJEyY0HSfkaCxNoh4kNOoIOmuvOtX2VxS21ksVdXkqwBV4+AFT0M77zyjVW+EbQdzlTKJzetmWUAjrE6EHUb9IriWQwkbk7bgCNT8/lrXoPH+J4Rixv2zcYmYkeEBSMgP9QmJMCNQOVVvEOywuk3MPeUOc3ga53kxJ8FzUnSCZzfFJK60I5UwywtIxV3CsCozSdlB39B86Jt2X6geYGpn7b0SuACNN1nS6rkSVtlVynnacDMJP4oMiAZ1N4bhpJsXLfjDoA1tlzZQHzAM5ytLFRJ1GXppVORPgyiv2WBMqWkGDJkNoc3nzpz4e44zkEZAFkDY/06jrB+XnV7isMbThLhGpIAOjiJgleYMHxDSQRoaY1ry0ockHg+jPWsQ+oLTJ56mYjfcaGisBg2uOEQSTHt5mjG4WGaQYB36z5Vv+xfZoCHKwOXU+ZrXydIFcVbNP2H4QuGswOfiZjuWiCfSB9KtrjySalvQqhF96gFdCVIi3bFSpUqYwTdtR5ioSKlt3Y0Oop7oCJWsYGNNankVwisYhNUHFbLSSNq0LCoblsGpzgpLY0ZUYxrQ5ihcRhhvWtxGCB5VW4nh9QeOh1I0S6ieon6VBfURrUmEM20/0j7VzELKGujwTKzE4UHzFDi5dt/A7r5TI+Ro3EggChsRcOXWlaQyEeO3xGdbTx+JNdPOm3+P59XwqN55yPyoW82k0KSIqTgn2r+xSMmtrRb2+02RQqYYADYd4YGs9POuntRdPw2La+rFvyqkBFdVqCxpPSX4C99llc43i30zqg/yIJ+Zoc2C5zXHa4ersSPYbUy2/P9PzqZGnU/UzTi9dEjOIhftA9hQd1tCfMD61Oz6+gquxN2F+Z+QNEx572jzPiLjQSPCB/wBon6lqbw+9ctuHTwnyJHOdeuoG/QUaIZmY82J+tS90OlDTBtbRDj8LbvDvEIV82UpooIjRgAPCB0j5b1U3rFyy0PpPRgVIOogieoNWV1QDJmCCPCJaf6SBImgsSYt5dDJBOgkEid9waRJrXgZtS30yRpe4AzCSBqOenLyma2r43DWLeHcZbjIuVrbZwc51LgliCJEAADrE7ed4e0wdDyLADWtTbv3EzZCFOXKWJiZG3yP1FLPwkUxPtyLjiF6zdtC6LZDoi3VK+Fsu72+8jmsqJBjfXWjW4jg7KHu3RgSGBXvAPC0JFphqy5A2YsCSREgmc/jbpuYS6tshLqIA6fjQNmdrcDw6AlhzBbyqiwoXKrPqhHIwQdjJjfw6b7jnMFWlozactmk4lxBcWVyWwMjQpzMxCOQQni3AIf3c++iThgyxlrKYMM5XIMoAUgARGk+8TE/rXp/AcEzW1LamN6pCF9kpz3opOF9mA1wMRp0rdWra2kAG/L99KkS2ttfOhHYsZNVjFLok5N9nC0mTThTa4WqgCSRXK6qE8iaVAw+uo5G1Rajf+1PmiAIgNtoen6VEyEU0VIt7kwkfX50DELLUbLRhSfhM+XP5VCyUoQVkoa5aqwK1G1uazRgbDaAL0P31/X5VIfhNQ4olDnAmNx1Hl50hdDIWUyDqD5T9DWMRYxPAKrccPAKsr7fy/eqziLfyxSyGQFiT4BQpbw1LiX/lj1oIv4amx0PDV0PQ6vXO8oDBqPpUq3NKrxcpwu0UBhb3dzVJxnE5bfqp+pAou9fgGs3j8V3lwAHwrGvUj8qJiK0DA8qnYmKSCjEwsgT1PLlpr++lKjMrXslgRFVDvbBZCW35KCCR6sK3NrCrFY3iHDwl1s0kFiR5iZgx5dKLXuKr8C4dhe9OmVSgDECZeDmJljCwqsepgADXSbijyqoQYLEkrqJkZQesCdNOXQ0Q1i5aUIyZba3LjZWKBwxhRqYa58K7SBE6TQjYkv4QY8RJ8vwwfnSrch3qIZwW4hYpdbKpt3LecH+l0ZYI5/Fp7UJgeEXncCzbJJ01GjD/ADA6AVedneHq7ABM7Ega6IPfmfQV61wzhduwoLwG6c/YU8YWJKZRdmOyDIA98hnOpA2nzPP971ry62xCgE/QVDcxRbQaD6+5qGqqNE27HM5Jk02uE00SdqYB0nkKJs2QIJ1nYc2P5DzrtmxG4lt8vIebHkPKp5A8RO+hbmf8qjkP350rYTh87hB5gTA9NKVdluWRfI7ilQACq/8AccvlSNrXTQnlyPof1pUqcIxX5VIDXaVEAhoam72dxP3+dKlQMdFoHb61E1uKVKh5MRXEEa1l+JWbuHbvLRDKdWtkwD/mB5N5/Oa5SoS6ChmH40l5GyyCsZlI1E+Y0PsaGx+J8AFKlU2Miuv4j+WPWhu88NKlQGRGGrneUqVYYjN+KjuYwKCTsKVKsYpcXxJrnhXReZ5n9BUmGw+lKlWAaTBtYVQBhw7ACWe4+UnqETLA8iTRGJxxdQuS0izMJbRdf9UZvrSpUyAyJEJ0FQ3+zJu/E2WduZpUq1IAXgv8OQY7285X8KhVn1IJq9XsXhbEAWAWP9TtnP1JpUqPFIHJsscDw9bettVVusCR/p0hfXejEskakkk8yZPzpUqeKAyYVxnrlKiKSWbJcx118oou0ABmGg2zRr0hV5eppUqRhHnSFjU6hZ36lm5+n3pubUmdV0Zo0XyVfzpUqxivucUtqSO7Bjmdz66UqVKsPxR//9k=', 'available', 50.75, '2021-05-12 17:18:15', '2021-05-13 10:06:53'),
(7, 'Puto Maya', 'dessert', 'https://i.ytimg.com/vi/eP9DOlo64pA/maxresdefault.jpg', 'available', 20.5, '2021-05-13 08:27:06', NULL),
(8, 'Fruit Salad', 'dessert', 'https://encrypted-tbn0.gstatic.com/images?q=tbn:ANd9GcSgCN20zPdzXZuO9YbNqjtZuR1eZWwW84iWoA&usqp=CAU', 'available', 50.5, '2021-05-13 08:32:50', '2021-05-13 09:55:08'),
(9, 'Fried rice with chicken and Cola', 'lunch', 'https://encrypted-tbn0.gstatic.com/images?q=tbn:ANd9GcSnOdMaSejVjVSVfl7EoWrvR1AbTZESlvF-Tw&usqp=CAU', 'available', 55, '2021-05-13 08:37:39', '2021-05-13 09:51:14'),
(10, 'Chicken Fried Rice', 'breakfast', 'data:image/jpeg;base64,/9j/4AAQSkZJRgABAQAAAQABAAD/2wCEAAoGCBUVExcTFRUYGBcZGxwZGRoaGxocHRscGh8fHBofIRkcHysjGiAoHRkZJDUkKCwuMjIyGSE3PDcxOysxMi4BCwsLDw4PHRERHTEoIygxMTEzNjExMS4zLjM0LjM5OTE0MzEzMTkyNDExMTEzMTEzMTExMzExMTExMTExMTExMf/AABEIAOEA4QMBIgACEQEDEQH/xAAcAAADAAMBAQEAAAAAAAAAAAAEBQYAAgMBBwj/xABCEAACAQIFAgMFBgQDBwQDAAABAhEAAwQFEiExQVEGImETMnGBkRRCobHB8CNS0eEVYnIHFjOCksLxNKKy4iRTY//EABoBAAMBAQEBAAAAAAAAAAAAAAIDBAEABQb/xAAuEQACAgICAQIEBAcBAAAAAAABAgARAyESMQRBURMiYXEykbHwFEKBocHh8dH/2gAMAwEAAhEDEQA/AJq9inZwAKYDEaSAwg0XjMue2wdVkUyTLhcTUy7xXzp0Oqnt3cCwmK1HbiueMsySx2oO9YdLkLxTi9g3e3JpiCxZEBpJIp9tI3qsw2CuXQNqZeGfDSxrYSascLl6r0r0V8VSBykHxipNSZy3w+ZBaqTDYUIN67YjEJbEkio/xH4pG6oapVQuliyxbZjXxJ4gSypAImvlOd5jcvuWJMUVjXe4ZYmtsHlzMQIoinIVBPUVYPBPcMAVUYXJ7iINI3p9kOThYJFU+GwQ7UaYwgoRVSTynAX+XMU9t4rQIJp6lkREUmzTIjcaQSBU2X4q5FKCx6zOoVbuhhNB5livZj413xNoWbXPAqCzrOw1yCdgeKXk8kjOEjERm/CJb4KzqhieaZF0UbkVDYbOL1wBLVsj1O1MsFk165vduGOw2q8NfUIpX4jH1vEK86TNaXLVbYTBrbGla7sKK4EGRK44pe1dnBmvHtzXGcNRd9qjYmjLLhhtQ2Jy4NROFw2gRNJUve4xuNanTSKhfGtnzb1bm2ZmaUeIsr9opjmmMLFQOp8izCzBpbiUqtzTK7gJ8hMelI8VhHj3G+lICt6w+QiSso37C/8AI30NZW0Z3Me8/R+Hy5WTcUHmWE0qQop+byDrQ9/G2+sVPl8ZXFRqZmUyTyzI2d9TCqhMsTTBoO/ndtOCKT43xMOAZ+FNTEqigID5GY2ZTB7dsQIpRm3iJUBg1LYrH3rvugitcJkNy5u0n1NNAMXYgWbZ7cuNAmO9A28IzmYJJq1wXhi2u9w0wttYtbIoJ9K21E2iZM5d4fuNErtVJgcjCgTFdWzFugAFA43OUTd7gHzoTlAhrhZpQ2baIOa6Ni7a9RXzjM/GagEICfU7D6mkNzMMbfUvbVisxttU7eSb1KF8PVsan1TG+JsPa3Zx9amc1/2jputlGc+ggUkyXwc1wK15zJ3Imqlslw1q3pRBI9KFszFSwnNjxIaAsyMxub4zFSCdC9hz9a6eHciJuhn83xp9ay7XrITTp/GifD7r7Q2iNLjeD1FJ8fIMhtu5rlgtjr6Sly/BIAIAFMPs3auFhYFFK4AkmK9HnUj43BLmEaZrheVhyKcIwO4Nb6RRB4JEmrrmK1W4YqiuYRW6UDey0gytGGEyLhxNBXMeQ2k9aa3kK8il2IRSZNKcMSCpjEK1uZjWIEiispsl1lqHtKDtTPD3dIisCcSWucWsVNny62RBUUFcyGz/ACiiDjd4FbBporgVA/8ABrH8g+lZR0VlbZnVIS9nF9vdU1zIxNwcxVfby5ZG1Fpg1B4rgohcpCYfJLjGWZjTzL/D8dKp/sqgSYApJnXiNLcpb3PesZlQWZwUudQsYO1aEuRQOKz0e7aX51JZhnOoku8+lKMRnze6nJ2Hc1I/kg9SzH4hOz/eWV/GE73Hj50sxfiK1b2XzH0oLNPDeINq0wJe4/KzCqPjR2Sf7PSzBsRc/wCVdh9eTS+bMLGhH8MSdm4PgbmMxjeQeztg7sf0pzictwoKLcUvdHXmfjVtgMAltAqgAARUv4iwAt3kYaiWn4eg9Kh8lsqgEQDlvS6m9rLsOw3RSB0gURoVEhECieKQYRbq3CLraUXzAL94n19KY+2usjsi6lEnbmlNlZRVdxjlVHImdsJe03Q+56aelNcTbB8xXST3qMw2KZrD3DrW5rIUDmB+vWqfJ8Mwwtt7rsWYT5ugbj8Io8ORiCG6EnGQMQVUgH1PrA0xyglJEmiMetu3bNxoLx5e81M5zhBauteR2dh9wjYEcRHNG4fLmvoty5cZSBuBBmdxW48nzUN/WYM6s5X9mdk8Wnyo6wI9717V5mfiIXUKKwHwNS13AF3u2g8BZgtsWjoPWmeT5BbW2r3GYsR16fSmtmYggmVKvBgwH1j7w9m9wKNZ26E9ac2c6cNBgqe3SvlOLxd+3cZba3GtgnT5Z/Kjsmzu6Qda6TsBNH8XIqgjqZkxK5LGtz7F9tECiLT6hNQeBzu5Kq69Kc2/ESqN+lVY/IH8xkL4T/KJR3LYPIpTmmSaxKGDReX5itxdQo0P2qtWsWJORRkibL29mHzom1B61Q3rauIYUkzLK2XzJx2o9N3MBqcLlvtW1i/A3oKxiTMGiNYPNcamwr7SKyhJXvWVk2OFTrQuPzSzaGq5cUR618vzrxxeuSFYIvZefrUxcxVy40+Ziepk/nUzeRf4RLU8MDbn8pc+J/GxuStqQnfiajcXmjN3J9KY5L4ae8ZuNA7CqC34eSyd7YZe5qVwx+ZtxxzJiHFBIbCYe7duKnu6jHrX07I/BuGwoW9d8z8y3Q/pTHwxktpGF9kAY+7PQUN4/wA3VR7NYLMIpTZiFNAXMRnyt82hGF7PbJZbdtgW6nsK9u3CSIYktxFJvCGSSiO8S279yegnoKNx9tbdwpaJ9BOwPUio83lMBZGupjMuM2BKHG4gL7OyGOpoG3MdTUz4gz9Uv3lJBAChfTbc/WlmMx9yxc9sGNxlBBnt1j1oWLX2E38Ss3bz6kT73PlWekjntNErnOtjW4hcyhgfQXcOtY7EXLKPbtghtgSR5t4EVU5Hgblq04uFWZ4ICjZdtxvzvUbaxrIhuHyqg1ADZVjgAcdt6Aw/iy6rszlyW4Ukwi9yOhO2/wDWnFOJ94tvNUjYoCXee4NEw924BDSGA2ENsPhvxURmWcYiw6q4ZkkQgghXjaI4544ovMPF1u9ZXCgxccPJPCwSV36mI47VPXWuWrXt7x1OZW2V4UcG4ZHJ4HzrGx8j1quveafJylAqUQff0hue53pBk/xG5H8s9PjWuDzW4LSpaYCFlpiT2gn4moK5LMdMkauvNOrOcKjABQQpg9zHO9F/BhFATZkmMsmT7R3ll3U5N9yIMoN9u8xTi5mSLcUBvJPx2+VSz4j2qtcAjfaOs7/h+tF4AIlktc5YkW16xG59BSmxXs6M9LF5TluDbqPcN4g0sbarsTtIB2NT+b3ycRCqxA3JAMT1pSb5S9CSQBzTSxnrISBE08JQF71Hc6NiM7OdXCygIYiJpnhsvZ1e5cJXeRP9KBwS3Lmhwg1TuYgVSezZIN07dV70tnVRucFJgyZlcsLqBXT1mu3hTxY9y+4fZT7vy5rjj8YlxbllbawR73FTeWYM2QXZxqU7RxTcOc63qR+TjIYEf1n2PD4wNRIf6V8+yjOSwA61RYDOlB0Oa9QODJiIXnOVBwWTZvSpj2jISr7EVao/UbigM8yxbqll2YUfc4GpN+3rK4/4Ze7VlZxPvGfEE+e4XJgBL7ntRICpsABQ+Pz1Rsm/rSlL9282lFZiegFQiz0J6Xwz25qVSeJVtDSg1NRXhzG3cZiALjH2SeZgOPQGhch8CXrkPfb2a/yjn61UrYs4Wyy2RudttyxofI5IlkzkfHdKP6zp4kzyCFTaNhFKsJg7jWrt+5bL3Puegpv4Usn2T+2QAlpUkeb0pnmF1ymhXAJ6AV5pCgEsbJhjICKXoTMDg39hbA8rlRPrQ9/KLq3NaspA/mMc02S95Rrhdt4P7ihMzzBFI1MFAEEk9O/rSsiI3fcWcZyECSuYYO8HFtF1ljBAMkjkmTsBTjDZcYWw4VzcE7x5NPMVwseKrKuVVJ5Gs7E/ARtWea7ftkNoFs69foeY7yNvnRKoUgDv8oxvFbECGWr9/WZj8hLRbBGhWLER7zcrPp6d6R5lkBVnuMZGlYTgsR69uNq+gpcDqbiEFekHmNiakPEOu/buMrqttVJifMWXeI534oyH5AA73+Uhz+NzwsuMb/zILO8JaW4jW2YH7yzq36wea2zHGX8W+lIUbILe/TgfI0yxfhe4hRncBtOoqI8vxk77Vr4ay+yMQS951I8ylFDCRud52+h61ZjyqV0bInn+GjUFJ2L1F1vw1imOg2ymoQGYQC3QT0nff0pJhMsu+1NvSQyzseNvUdPWvsGYZzau2iiXP4iCA76bcOOHhyAd/wCkVGXLLiXd148xGw7TEnv3oh5LLY19JU3jvdjfvAPBtp8S5VzotrxAgT1qg8Y5Itm0GRpBG5O8EVv4N8OXFDXbd1WUHzDYySJ2I/Wu/jC7OFdSGAUHUxMcmIH825+FYSGe1EpXGFBkHh7LId3lWMk/lW1zDPrBRS28TsPn2rLKlEQOJV2hARGoQpkT08y7+tPLoZgpjcjeOJFFlcofvJ8uYoNCGZXmdxNFtjpk7Bd/qab4pLtx/wDJ0JPJ+dT+CQrcUkExMAc05wuYXLjKsKAfdBmTHMVISt2Y/F5Q+HbkD0gGMy/E6TcUrp1aNKkk8xPHE0U2izoW7LSNxFPcuxi6SEZEG4I4hqSX3uXi4MMB5ZgDntRcgdAR4phfYi/F39NzXaGm2eB2rc44rBLT610v2GtWyCQwgwY4PrU5hMSQra48v4/CqFLDfrIc6hdqJ9X8J56rALqmqq2/UcV8VybH2dOtX0uOlfQvCWd+0GlquxZC3yt3JwblZrXtWVx2715T6mz4r4Z8GG6Q15oX+UV9KynKrGHUC2ij1gTSHJ8ZAAFOLQd6SuhKXdmOzOmJx7klVQn1rMLl62wt64eDweBNGYQqgYHYxNLs/wAWxSF31R5a8jy/KANHftHaRbI/3O2fZtbQcjfihcmxisfaTJ6Dv8+goH/Brl92t3SUgKRAmR8enamuCyu3atwm0Agnk7etQuGYc27G4eBy6NzFV1/uLfFGasi+aO5j1oG5lhxNgXva7xCgg7b/AI/ECgcZYN28yMSUXdoO5HQelM9bBANOhFjSOOOAB2rAeIDdn39hATynxkN7bEnMnwCpfnEyEXVOk8kcesU/8OP7e87SRatCArbyDwI68Uyy+0ipbLoCLpg7AzJIPrS/KcM1nEm3bJ0MCSTB2HG56zFUfEBomOfy8/km2rfUsMpEa0CoqIAF0iI1SSNPHagMyxFtFZwEI4nb6UNfLWUYpcDBml5+8Tt728f2oLH4hVtlHQMshgDOxiNoPagfKaoa+sRkc4VFnZg6XUxFwIVPm2YhjMdY/lmANqUXcBhrDXGUkqhPVpEbbH1INErjiLdw2VVXggEzEnaevAnip3L8vuXLmlmlW8jtvA1dxPJo8K2vG6kS4mvmn/k65AqXcSGfcA6wCdi0batu5n4gVc5JkYa61+4V1EyoXcL0g9J53qExXhHEWWN9GDohHErxzIBJEcVc+FMwe4kohU8MDuuo+6Qw56/WqnGxWxPUT8O+4yzRwqsijeB5EGn6EelJcbca2sJbBJ93UdZ3n4idqf38uUWiGclyATvGkneF6gTSSxetW7tsvd1aCxOtgTDe8J+8B0J+vSl1829H7w7+X5ZAeI81u329mV18aTG6lTwB0I2+td8VcuLb5ZT12idvhTjx6luxet4nDm2wv8gCWO3vqQeOAans9u4pApu2yqPBDd+3B9R9ao4E0ABX3nmO7fEtgK/Sa28+YWhaJ86SFJ6zJ5+Zphl2daQiXB7M2wQfLLntHxPWplbYbm4FJMwSRPbfvV3k+EtX8PrvBHZIUGdvXzRvPUV2ZMdbEdn8Zc4HEye9qXuPoEhiWkmYJr3LMRdFzQFYqYjtHeelG5pl6I6oq+yJABWSQ08EGTsabXLAw9oO2lioELwSCe/9qUWWqEfix8F4+0Bzu8ALltjEoYB6mO/WpTD4ZkVQwMECq3GacUodVCuNtz07cUtWWsujgyODHUdKauQ1UF0DRbawSEyDFXnhgKiCDNQODJJ25qoya6VIqjCx57k74lUWJc/aj3ryk/2msqy4qofk2UwBtVLhcJA2FZhbYUSdhXqZ5hlOk3Un4/rS3dFFE1NB3MuYFWGphS23bt6tZ+6YHpTfFY5DbLKwI33FJMmvrc1qDxpMx3nb47V5GZUOQBaJ7noIhZSzDqMsWOx3ikOa4a/pKoDpndpFOr1pQrMzEiI32n5Uux2PQWyu+kjTG8EVJ5BTkOXftBJVqS7nmR5ElvzunnaPNq59IHFZmGCWSQo+n60C+c2tJVHYOiEi2ZJIUTttJ+VeZH4htXwU1qX3lYYMPTSRvTXXkmhqPGIjdTTDX2tSjFdMlkLfcP3o7d/ma1t3lVvMDqYaQw38pMmPjEV5mGHa84sxpBO07jjrt+5rtl9m6t9A9tEt2xJbkGOAN4XvPpUuPGWIJP03DKIpJ9YTnV8KArKYAEAjzdgeKExdhC4tMs+6oPJk8nmOv4Uwx1xbt+26srW4LBhuDBIieKnfGuaFH02lGtz7MtvqXUCJA4BPw21Ux8ZZ9H1IiXTkBY9IsyrNH9o1tVRVgmSCeONhHPPNbZVloRxfDa0uMS4MgllPvbepnsZrvgske3cFyfubjpuODReIbTaV2uMQVQKoXaQCSeJBIO/+kU9yUX5YLIeB49zvhM0FhnLS1tzAUtwBz0MkT3FMcXmOiyj2FPszMaU90D07TUZmeKQgKz6SG3DSNjuaMyfE3JtWbVzQHeCxBuIJ7jYAnjYjdhRY+TL8xqTY8psctmPcPm1tzrJZ3kQhmC3QEEQBWni97bH2JtpPvdoPaR0ND+IkIbQABcMC25Bg3J8slfMu8bD8aa4XLbYf7RfZXuFChUx7Mb8jUPMRBGr1NcKOwalp13JXw7lAuXjc1AqA6WkgQhUqSsTB6j5elN89T2lhrVy2Vhjp1ckgEMdJGykyB3G/Whs7sMt60bFwIisWZNoJ5BDcyYKkcb0j8ReI7rakW2F5BlpPYxG34mmM2V9JW+z7TyvKFG5HZkPZPp+6YO/Tfj+hp5/i7lQhCqqiFVdh3mO5mfnSDMEZzqZoYbb7D69Oa4m8XgADygAzuSQImrziDoOXp3FYszJTKfuI+w+PKXD/AAnPGnYGD1Mx1onO8Tce4jtqnfYnbfj4dqEXFhGtgyBoAYnczM/QTFdswuo1yAxPGqDuAOPhUxUBga9J6yvaxnhMK6jgBmEzJ2NE5W5dWtNuZInnfvNLLNz2p9mhIBgSxJgfHmjbDmwhCgEg7kH8aXsGF6QW2ioSOxgnuRW13M1tmCpmlWZYbEXHlBKzPI3NcLl1wQtxDq6DvVgagOM8/KxF3qUX+8I/kP1rKUezP/6j9ayu+Jkk/Jp9Us4n7S+hz5NzExUl4jsG27KkkdKpLHhW6PNrk+hiuWPyy7b/AIjAQpG535rx2TKp5MCT2SYamxsV9ZvkGbW3sqltGBGzrBPm6metUlprdm1LlVJkgAdfWo+5nvsyPZ2TcuGFA2EsaCa/i3uM+ItlUU6diCpPbVPAnmmKTxZ17PX0Eq/iDmPBOv36x5meLu3Br0t7MCRHboT2qZzTF3XZbFqSz+7Hpzv09aqsVmHs1T2cQVGuSOo23rk2Ui6q3V1WbrhiG07zESOI5pWNF58jv3uelhx/AAYjv99QjJhawzJYLLcxLqS5A91Ykyei7RvyYofGZrbtOdNka2MSqrJPqRvWZhgltW7TLJZZXVI1QRJlzuZI3JNJMLfU3NDE6veEbk+gO8/+ablY6rQj0wAocl3/ANlfZcDQxnWx3Ajbr9BFds2tF9RDDTEkbbg/Kp3JrDJf9sAzNGnSR5iOpA5U8D4TVLj8SFXeFYiT1IA+HJ6QO9CFDLfpJjpgRFmJxltLVsIGVIVRIggFdUkcrsCTPrXzzxE9zC3hcZfaJrDo0+skN2MTv/4qnzHCPibTXRcITeUUkEdP4jA9Y3EAdKnMbihc/gaXuAqdRAAIbrC7gDtT8VXZH/JrLqgZTZrnSvbZ0MW1VSkR5p5G/XoD8KJuLbD4ezpEMGOnogI1AfH1NIMswIF7DWmDez1r70EkKCADH+aOnWqfGYZfbNfZoS38iW2n5RFAwsj+sfm4gAL7D+8k/FGD14xFKgnUxCTGrQpMR1mfwNOvDd1Hs3PP7raCsGFdvMQG4kdY71O49bmLxYa1Km2TpPM3CdgJ9Oe1VfiJ7lqzqcjUIHXTqaAT8N5rcpYYwgFkj8tzyc2Ji9rFmXeIwLha6jMbZcGNMFkOmQTHUHf1ra74hxGKlbdshJiBpgRBiefy5pNlWXkqL9xC1oOByoD77yOeZHHWrPFXLiWf4GH02lHmfUgCiJ2WdTnjp1reK7EqPVH7Sew+FvXLy27jIhaQpXc7AnvXGz4fJxht3d0A9o3ZpJgA8xI3/vXmH1e0XFambYr6BgZUx2gn61X+Ll021vAQfdYdp3j5H864/KhZO5JkxhQaE+dtkiFIbzEFg2pvpCxPzNeWvCSHzptHO/H9q53c8Y3G0BGQGCTIJPWDMR8qNyzPUDNbY6C0ajBgjsWkgAfLmqlOQKP7zlxoR1UEzXKLgGoAHseg+nSg72Xsq+30jTw8HfbaSK+g4t7Q0qpkMskfy9DvSLMMPqkDbt29J9K7kPSNAiTKsKGkqGg7ht4H9qZPZIQkwNJgjuO81mFxARW9o+hRz6V2s4lL1vmVg+hjpNIbe4cFwxG9dfZBiGIkjitVwiRtcj0mt8GQBBNNwNxNGorKvITfT6VlF+zHesq+S1PqmCbauef4VbtkqzaeoPSRQ2X4sRv9a98S4tVsTyCR8wOaX5DqcLEb1MCEHYkbgcDet32ZERgqwuoHYt2M87H609wlh0hWUOYksT5Q0kkwepP0qfXxR7K7AX+GzEsBuw2gRJ9BR65kbie0DEqzwiHYkkxBIPzrxFHygiX+KqnSjubZfoVrlxxrZDCcQOSfiaZYHG61LkQV2noVbpBqPwmaquJNu6AlvWyOV3IYbBp/lkEHadxVBbt2b6Jbt3FZAdTkbkjpqB47Ed/hQhMq7J16D6yjOrfG+c+gofSbqQ93RoV482loMCeQPlU/mF8DEvbwvvklS0Eaf5gJ90COlPAia2AuFV6OpBO3Qs09+N6Q47AW7ftP4juHVjJI94+afLE7iPnXJvGQff8AepuTkdKdGHrm7JiEsYdDddwdbz5UUcmew2k+o5O1N7ltLZm4+u4Tzxzso52Hp1k7GlGSZzaTCBQym+wKhRyVTZeOAeZ6lqXZxdNvQUUXcSwk3GAIt6hwogCQKcECAD194CChO6eIrZc2LaLbLMdS7BW1E7SPvlt+szE71EZ5bYXnCsVIPuj1+G811w1u9bvq7p96SxPE7Egb8TNEY3Kybrm2XuD3yJ3M7x61SgCtYN6+8HmGGo28CK1ttVy5IaAF1cHqSSKoc6V2dcMklrjEkhSYEeYk8CAetD+CsGLlj7RcX2dsT7Nep08k9R5gR3kVt4dxNy9dC29Sn2h0uRzbmSSTsfJt8Y9KW4JbcIMKNRv4UyFMMpuHciQo+J8x9Tzv60N4nz5bNuW0m4+r2aHfYj3iO375NUniA6U0INwhI6dhBPz5r5z4vwCuVYMTcA85XtE7nmPjWkU1HofrBT5hy94tyTFG5YcXn/zIvujVuxmPjxVkb137KqWLYus5UsCRoRAOGJO5IgQN4M9KnEya2cOX9qEQeYyJgRufWYECuVnNPs9gWLTlw2pxAJMdSQs6fhzvRaLcq+0oyInAcW36io0t2LeGvqhOq1dOkywIV+AJHJGykbUt8aZ27E2NLAFu+wEneR8xPaumcWBdw2ECaVDrrn/+g2Y/Gd5rr4g8P32tjEMR7QAAj7twfzAjdD3BG9cvf2k7ChR9ZPXbbpbARAU6kcR2joPWueSYUC9pYe+pMdNo2/E11wOcsl1heARNMAHgsDB3+vptXPNHLXGu20IQr34PcFenWmgFYow3/eQ2iLF7dQSFcRwDAn5QJp7bvI8aSDtPIqJza4t62PIPbKI+IURPrIjntXHC5tftIA7ygEBYGoDsD/Wj+GCLHf6zOdGjKnPcuFweXkcjv6Uiwb6JUGFG0fp607yPHrchlM7bzzXmOwCi8WHD7/Mc0rZ0YVgTiuHmGJ+FE2bUkCtzxXO5iPZqW6jiqxjQCyJK+Qj1jP7N8aypr/Gr/c/SsrviJEfFn1bKHW4onY9xRrZTrRkZyQdx6Gp7JrxR9J2qvwdyQKaMaONjuGXZDoyewXh1iGW7bU9u5+dc7GXLYb2SyULKwDD3SDvv1qyRqBxdhGuBmeAPu+tR5fEVFAX7ShPIYk3Pm2bZT7XEOqAS7OZLEA7yfjWmDw/2OVUy7GWPIYHePUbVZZnl4cKqXSjIZBgEdvyP41xx+Xo1xNUEk7zzsN4I6cV5rq6rX1956ODIgYM+9evpJvCXS9xme57NWkwNlAAAjfknrXa5k4VGdGOgqWXcaQNOrr6UV4ycLbUBRyQR+PPTr07UJb8Q2fsxtKo8qadExp2+HHqKxB3c1muiJN+B7Nx8QNOlbik6lcQoUwWIA6/CqzxBhibusQzBdIgQB1O5Pqd+kxXPIfBt0taxVzELwG0ou+kjYe0nzc9uprbxDokrcW6qAEalBKzzqlevyEbdqf5AOh7xAC5CQTQiDHYK8ntFdGDFYUgBwevKk6aWeD7SW3Z4YONm0mduxU8wRE9KIwOIbWVS+HA3jUSQsxvPXcUZYsjWdS+oYGDvzwZFdz4fJ1OZUSgCKldnVgfZ7SqGBHnAiN3Vp1L3lzt3FaeCMSvtGDeUoukTtuxHE9TFF2sxLW0tkG67LyADz3jbiDPxrhkmXabrM+mAAYkyGUzMDaCJ+dLYkZQw3+k4UcZBjHxxifZ2HYNDspRfQtG4+EV8xwrgMxd4gFn3HmHEn03ANNP9pWda20EnSO0j57b/AA+dReVgLcOlQ+oFW1EwVbYr8Os1WBztvyggFFAnbMMz9u+hDptq0qu8H1NUeXW7tu4L6WkI06GUEGVgbyPvdfwoTIsse7cKW2RIPBE7ehqgvYA4O2CWefvdVAJ24G+/5+lEarWhBDHqJcQMXqFu2CqFvf8AL5dWxZVYyux6b7bUyxOYNYT7Fqa6CgKOZJLMTqmSTuSCB60Xg8WboJDx/Kq24Jjk6tyenAEfOhfDjWzi/dl9LNqb3pWBMkkzv+NKBFhB+/vHsxYWfSLMr8P/AGzUGYrbtXAHQiCSFkjuuzRJ9aKzLIGsoXtOIBnS0nb9/s0pv5j9nzG65UsrOdakkAiNjI7H5c1S+KLVn7EuItoFuPp+8YknzCJjYz06UxwwoDqAMZIuu5P2mtoj3mUF5CgLMluR6RzPwpRj8Czojv8AeJA24PwpnjMJiBYRyy+zdgOCIaCNQJPaRxRtl7dxfZsvnX3CDv2meo45rASu73IFSsp5HcV5Jkty2zEvBABAiJ37zTq0WPvGSsjb6H8q5ZlmhsWGt3GtsykFR95j90ET67x0FA5Tj20ox3ljPrO5jtBpgNMHablyBTxjYWCxrhndk21QxInc9Kc4dweKZJYS4hRgCp2Iq1l5qQIhwSKkP9ot9jXtVn+6WH/z/wDVWVL/AA2ST8XlJ4nyrS3trfB3MfnXTJcXIE04wbyrLciJiO39qS5jl7WX1L7h/CrSOJsdSkHkKMoFbaYmprxa/wDC9rbcoy+9B2MnqDtt3ptg8aNO5560gzPDtec2gvkPvHvUPlksQqi/8RyL8ps1JnC+IrvuXHRg2wIA1SeOKdZIL9x9ZcBE2OoElpE7H02PPWmB8M2bYlbajYeaJI7welDWbzWne0nmVxKniDH5R+VebkHB6Yf99JV43LhRNmD+JLWp0hC6kyx2jeABv13/AApbdyVLn/49nQhdiw1SVlRJG3I249flRviK7et6AmgDQIgTufj1/rRuBtLbT2z2zqgaVYgiY3P14oUHzb6BsygglaHZ6jzw5au2sMlrENbLpK6rchSsnRAIEQsCPSueMsu+oKx2jYgEf1r3y3cN7TqyEmCeY3/GaT2/FFuz5L5IIUwwEh9MQPRv36U9c65H4kUPSSoCpNdiJc38POL63t/KrEhFMtIjzEcgb9+lIcViIcSZk8fvire34xtNZ9oyOoZTpJXygzABIkgT97jepLxjZT2dsuArSEIGw3HftIEGsbHbizrr7TDiLtyacMBmWJOLCYcpBC7bSqgHUZ7QCf3FUGIzc21ezqNy+QHuvGlRq9wAkCRHEDoeKlPCFwWMZbdtwQbYP+vofwq/x+HtnQxAa3Mqf5TvCt1Ik8UeRVND6ShT9J8y8RklypJ3gmeZ/wDEUf4Sy0l9e0CRB+Bnb0rl4lyzE3LntQmkFiRJ95QYEdzA425ozLrc2FYAueAN/eZgI9fX86evyqK3CTEcrV1F+bYR/bWxbLJ5t2UkFfdBMiCBE/SqrMcwW4HQOWdfL3AUjv8AGgvGlyzhnsnc+V1c8kzB1EfFT9aQZHgcRiXBtIy25guSFWOoBPvfIHehZGyJXp/uKFI0fZZbxT+a2sIsq1wFZg8zq7dxvTnKURsZaS2BFq05unmSYAUHrvBPxobDYG9hFYG+ptuAqW9idZMTuvw613y8fY1b2YF248m4e7EyqiOYk/U/IDxRhf0m7Yakb4yZsTjrgtqBB9mPXQTLH0nb5CnFnJNFpVd11LyxYkfESNjSS5bFm8XuajqLOW6nfzA/Ak7CKeZRlNjFLcuprv8AllbZuaVLdVMqWUxEDbf608jmK9IxczKRRqB+JLlx7dtTd9pZBg+zXyqRsGZgTO+3Qb0px2YNhSrppZzsJ6DvHX+9HYG6Xm3bQohMm2pLARA3HPPeluJ8OXTqGhix6zJA6bc8RQqVLU3QiPK8Ti3MHZi37Ob903rjzrMk9f3tVDlloM6qFhFG1d8JktkKph7bwJXfY+oam2VZdJ2470w3kP0E88YmVrfcxSQdqpcossQJrXL8tSehNUmX4OOlWp1qc0G+y1lN9Cd6ymQJ58q6C+p8rCVPzj+29c7T8/Q1vRGdFWY5c1s6k3TmByPhQXtWUa0Gr0HP0qjtMRtyD0P6UPjcsDHXbOluo7/EVM+AE8hGrl1RnbL72tASIkbg0NjcsRjIEfCueGxJU6XEGmNtwaNkV+xMDMvUWYnLpKHSG0DaeZ+fPFD4rBFhquLO+yz+96fKRQmcq5UaFmpPI8deBKiPxZm5AGQ+Czo2WNkpqRnKrB8wLGCO1TP+0T3YQguG4HMQeR0/vVxjfDVx2tkBVghjHf4Um8ZeGrp80Fl3J08nbYdxvFeXj8bJjyByuh3GeVnBa8fZ7myWmu4G3bVQ027Y1dyFAYxzB53qcezff2mCt259lKu5MtoBjygmY3HG+4irzwThy+CVHBRkm2dogcrE9lYCf8tTWdXWs4q5etwROn4qAFj/ANo39Krc8Nn1jcZ5ai7LvDbNaLm6p3hAu5J7kn3eu3pT/wANZqgDYO4SXRtMtw+rfnq2+/rSzCvcuXGbCmNRVrndTuOCIYQxJHoDQvibBIt4Czq1LJJBJltj82HJPrSg27MaRepQ+IrjFtLiUYQJ+c1O5bl7Wb6sWJs6iy+8SrEQBAmdztXr5lirgSyVW4/Q8ExxI4mAa1GVYh3RblwKusMVU7CDJJnkAAnrxRrY6mhynRgOJs3cXcuqwKCYYnovIA/5evqa8z3H4jD2hbS6VS3CkKoDMJj3uRA7VS4K47pcb2TMfaOy9JVmLKORMCB8qnM7wF24He4OeEEn6msTI4fYpf1kPzs5jrw1icM9kXHS4xMw7jygj/NqLE7cx/WleYY9Fcm3dlNRjqR6UPkhdbItOYXcpxvPMdZEUrzSzpYEH49OvWhoNkIP9I0ZnVgKjW1dwt3y3SD8mB9fdpngcfhrDxh7el2iSAdwOJJ+f1pBnuWCzbDKTqYDYdiJO/75rlkF1Tcay0yh2bcjfoT0M8U/GgZPlJmZM3FwGEsfEAUr9ot25DbXQB5lfvAHDTv679aGy0lYfck95BHYVUZHlpVTvqDCGB3n9itbeUhLsAGOk0xfH3vuc2ccaE8F3Wo12tW3WJ+tZg03jRA7CfzqlwuBEbiiWtW0GowKrTAFkr5SYuyrLVU6437mgPF3ia3hk0qZc7Ko5Y/oPWg/FnisIDbt7nt2+J/TmvnuFLXLpv3Tqadj/bpFMFKKEXtjuPf8axva3/7v617Qntj6VlZZm8RPqllwogn59/3FdluahwdxP77UAbRUkcgcEAT3Aiek/PaibKSu2w2iRE9eOR8KfFiFIZrdJE/h/czvXNQORXtpunUfv9a6dMu6H2cQe/74rg2Ge3up1D8aIuKDIPauKF193fvPHyoStzQ1QQ21a4LgLK0QR0I+HzppbauD3EOzrpP7616tojdWkdqDjxFAQi3LuEg1hANLcVackQxUAyQOvzo204jmsUk9icwA6nLF4b+G4TYkfjUVmmGRkUFYaACZ949T9avwa43MMjGSoJ70nL44drjcebgKkjkmXizBBgnnY8RJMUrxmGBunSQ5DFiyjZZ79Ov41ZZjlZdtSn47kGN9tvjSzH4UWsO66YLLAWPWvLKZFc8xrde0tGRSNHcCwWUM11bvlECNqbrkVudcSfXf1rl4SwtwWwXJ9AelO8apCEqYaNvjXp8ETHZEjLsz1cB+zqNgI77UtxeWjUYVj+n1EU0uXmjeCfnSvHZmAGRt2PP6b9Kiz5kYgDuUYsbDZg58NWn81zeDIA2g/I79K8x/hvCqpYqB35Mx8a2THsUK2z/EYEJ96D0JE7/Ca1xeFuOAbrBeJA/OgVgOhGFd7iLF5dYullNwyARbk+UEjaYE7H1qZwXhe7bv67iNu06lGpf+ofrFfRsoyFX8xBjpIiqO3hkRYaI9atx+OeFA1/mef5NO9xR4Wwr6JPHSafeyXkgfGleYZ7ZsrOpQB1JAH96kM48YtclbQJ6aug/5ZBNVqKEA7lnm2d2rKklht1J2qDzrxO94lUJC8auvy/l/OpvGPddw1xw06RJYbEmYC+6PlH61vhsMdUAeZtKjkcSevHvGuJmgTzFLwJ33+h5nvReEsgqOABxTXD5DI3JJNF4TIbi+6kjpMD6zxWQhFX2X0NZVD/gt3/L9ayum3KW5f33E94/A79BHxrtafYE9p2/fzpZhryMxVjGnzH1BJA93r2HX1o5YVesL3n/zxT4mEi5+fArhcZtTCZEjrtB5+m9c3WYJAIM7dRE7j5n98VzSdRkD3iRG+3QkdDI9a0TiIaD01c/p+/nW1tyDp+h/rQqz0DGOI3/f962PmbY6TB32n8RvB/GumQrFgRGxPbalz6kZdLkauJ67E8d4E/I0dfRQNUGfekbnuY/HiuAdWggAr/Tbb8d/ShM0QZs5uI0PblejAiTtMaeu3r3rumc2DszBD/m8v588Gsu21aTtzBnuNwPXmgsfgZBGkN6eXf8A6iB+NZU2Ord1CJV66g+oNQ2Nyi4P+ECjDUIDBQdpERwenMfhXtsYkWyVuspEjzgPxtMc9OhPNZOqXYesbfkT6VBNm+LtiSofkbKQSYBHLAev67V2/wB470EhBsY3Yj0G8H61lTdiW6wOBFe3QD/eoa74murE2xuQN3/+vNc28T3utqO/nO0mB93rQtjDCjOBINyyxGHlSAFB+n4jip+54aZjL3VA7AE/nFI7vie8SQFEdzqM94Aidvr8qHvZziiCZVfQLvH/ADE71OfDxlgx7EcM7gUJa4PA2bUebUR1G35Vri8ww9vzMFHWXI6bk+Y1A4m/fcb3X5A2OnmImIoS3lBMBlljvuSZ2jn7w834074aA/hEDm57Mssx8aW12SWPZBPJjk7c1NZl4ovPMDQO/vEdOSIHPau+G8I3bgAPkAMhj69Y5p1Y8K2Eg3CbnpMKevHJ39aODQkPctvdMMXZmg8nV8uxmNuCKOw3hjFO0+zhd93OntGx+dXaX7drZEVR6D9etd7GLL/rWTrkzh/Bzc3bqj0Uaj9SBB4pvgsisW9/M7REsf6RRGKxBmBQpvHiunXGtm4o2VQPhWXrh5B5/Cl1tuOe9FDUTxXTqnf2g9ayvPsjetZXXOqA4X/iJ8//AItTR/u/P8hWVlO9IEEtf8dvgP8Auou17x/0/rWVlb6zoX0Hzr1vePwH517WVkycsX7o+NK8p90fP8jXtZWesL0jCzwvy/Khcd7prKyumTx+V+Jri3vt8B+tZWVxmxM//Buf6G/Wgsv/APT2v9C/9teVlZNm1/8A4g+A/wC6l2M/9Q3+j9UrKysmznhOLX/L/wDKmFvlv9Q/OvKyunTW/wC6flT3w/8A8SsrKAzpQYil2KrKyigxZiP1FdsByP32rysrJs0u8/WtrfP77VlZXThCsHz9PzprhOa9rKyaYfWVlZWwZ//Z', 'available', 60.5, '2021-05-13 09:30:04', NULL);
INSERT INTO `menu` (`menu_id`, `menu_name`, `menu_type`, `menu_photo`, `availability`, `price`, `created_at`, `updated_at`) VALUES
(12, 'Milk tea', 'drinks', 'data:image/jpeg;base64,/9j/4AAQSkZJRgABAQAAAQABAAD/2wCEAAoHCBISEhISERIYERESEREREQ8REREREQ8RGBUaGRgUGBgcIS4lHB4rHxgYJjgmKy8xNTU1GiQ7QDs0Py40NTEBDAwMEA8QHxISHDErISQxNDQ0NDExMTQ0NDE0NDQ0NDQ0NDQxMTQ0NDQxNDQxNDQ0NDQxNDQxNDQ0NDQ0NDQ0NP/AABEIAK4BIgMBIgACEQEDEQH/xAAcAAABBQEBAQAAAAAAAAAAAAAEAQIDBQYABwj/xABAEAACAQIEAgcEBwYGAwEAAAABAgADEQQFEiExUQYTQWFxkaEUIjKBQlJikrHB0SMzQ3Lh8AcWU3OCshfS8RX/xAAZAQADAQEBAAAAAAAAAAAAAAABAgMABAX/xAAoEQADAAEEAgEDBAMAAAAAAAAAAQIRAxIhMRNBUQQiMgVCYXEUI4H/2gAMAwEAAhEDEQA/APL7xLxt4l5PBXI68S8SJNgGR15142LNg2RbzW9DjsfEzIzV9DTx8YtdHf8Apz/3r/pu6X7pvAzyDF/HU/nf/sZ6/R/dt4GeQY8Wq1P9x/8AsYJOj9T9f2Q3iXiXnR8HknEzrxDOmMdededEmCdeKiFiFHFiFHiTaNlj0eodZi6C9nWBz4J735RpWWkFLLwenUKYUIg4KqoPkLflH9Ma3V4ShTHGpWBP8qKT+JWPw4u48ZS9PcVfE4ekD+7o6iO92/RJ3/VPbpnU+0gjKRsJokTaZzKH2E0dN9p42RqA8SkpMSu8vMVUlHimiMeQUyTD/EJEZJh/iEUobHK+Al9R4TP5XwEv6HCWg477JiYPXrACS1DtMvnmOKA2hbwCZ3MdmWJEZgKw1iUS4hqh3hVEkST1uTp8GZNtRqLaK7C0zlDGsBJv/wBHa0rOvLRF6FJh7sLwmhXCygbFG8Y+LPZFetI70W+DVe2DnOmR9rfnOg86B/jHjM6dOnUcB06cIZRyyu+602I56TaY2GwOdLWnkGJbhTPzuJMvRfFn+H6n9JsobbXwUs1XQ07nxga9FMUfoAec0HR7IK9EksOJ7LxafB2fQfbrJs1OG+BvCeSZjT/bVP8Acf8AGevYbDPpYFeImLxfRGs9Sow4M5I25mCeEdn6htvGH7MaEki0xNcnQmse30hSdAq3P0myeaoSMTojTTm9o9AajXvWRLcQSCw8RIMw6D1KYHV1FqnkoI9eE3I2J6MT1c40Zp06I4w/wwPF1hI6F4sblAP+V4Mg2ox4w15f9DcHauzn6FNreLED8Ly6w3QvEN9QeJMPwWTPg9YexZ9JGncaReX+ny9RDTM5LXL1vUHymI6R4jrMwxD32VxTXwRQPxvN3k4Ja9vSUDdBMQ9R6nWpd3Zzs3FiT+c6PrXlKUO2lXIHl2KAtLtMxFuMHp9Ca6m3Wr91oR/kzEf6y/daeZsoffPyC4nMBzlZVxQMvP8AI2Ib+Mv3T+s7/wAd4s8KifdaDx0/RvLC9meOJEkw+JGoS1r/AOHuPUXUo3/MrbxuJms2y/FYNwuIplLn3HHvI/8AK42M3jZlqy+Ezf5VihYbzRYesLTzbJMQ5tea3DVjaZcCUsmidxYzFdJjsZdvijpMymdYksbHnBb4NpT9wzLxsJYqIBl42EPnIzvJ1O0jY7xy8JGxmASgxpiiJMYZOi2nQhPIIsbOnqHhBmW10p1Azi4Hdeew9EM5w2JXQibrsbraeJzX/wCHOM6vElSbBgPOZ8Dy/R7J7KlvgHlI/Zl+qJOH2iF4raGWSJaC/VHlONL7IjutnGpA6QyyRMjX2ElVDyE7rIqVYNyHeWT00t2CTOjMpC2UnttGUnvCEMZPJJ5RWYrApTUuRqGoX24X7fODBqQ3DD7plzj1vTcc1I+fZMe0Sq2vgrprcuWWpxKb+9fzvI/aafd5SnZ+NuI9DxkVKrqFx29+0k9Si60pLr2xeHu93uxDim7HUfJpTO9rG9h27xKdS/b+MTzUhvDJd08U3a4+63/tCqeKHaQRyAMow1490JWy8bi/hD57B4ZL4YlT9G3eGkiV0/8ArSsw5FrWhiWh8tfIj05LKhjFHAC/O9yO8Qj2wn4QAPmZV6SStth9LmeQhtMSk3T9kaiV6Mr096VYjC9XSw7hKlRXd3KBmRb2XTfa99XEHhPNsbmWIxPVU69VqiUy2hWt7pZiSdhud+3s24S//wASa2rHFQf3dGmngTdj/wBhMxhheovjGbb9jzMpLg3OQYEaRtNOmBFpUZGLKJpaR2ioFMrK+CsDaZDOsNY3756FU4GY3pINjFtcD6L+4r8u4CHNxgOXHYQxzvON9neTLwkTcY9DtI24wGJRwnReyRF4TEk6R9ZOmMeQTol5156p4Q68scgraMTSbh71pWXk+DezqeTA+sz6DP5I+iMI2qmh+yJJK/o7W14dD3CWJkmdHsjMYxjmMY0DMjlMnQCDEyamYAsOowtIHQaFpKSSojzF7U3PJTMVRrdZTRwfiUNwmuzx7UKh+w34TA9HGLYWlfiodD9429IuoV0Omw1ie7yMjG3AD1kriRGczOpDKo1CxAIPZcxaewsFAA4C5itOUxWiiZIjNfstbvvCqZPd5GCK0KpGKBhtPx9IUgJ4NbvsILS4QumOEdEqDaa9584RTXfu8ZCnCTq1hfkCfKWghR4j0gqa8XiW54ir5ByB+EFy9b1FjcTU1O7fWd282Jk+VL+0jFD0PJ/hE0NIzPZTwEvqRhRKiWodjMb0k4GbFzsZjukfAxL6KaP5FbgOAhjmA4A7CHMJxvs9AVXnKYipFRYDEx4QV+MK7JFphQCCxnQjROmyE8dJnRt509c8AdeOVrSO868UKeD2/oBiteGUX4ATUNPNP8LsSRqpk7X28DPS2k2dHfJE0YY9pG0VhQl5KhkF5LTMUYPowymYBSMNpmUkjZFmdDrKbJzBEyNPLfZl0D4SxYeQvNweEp+kFMdWjDse3mP6QXOVkfRtp7fkzTmRGS1JCZzM7Ec3CNE5jEBisdD6dMai29zbidh4CF0oKhhNODJmg+idobSlfTMPonYRkTYenCNzGpooVn+rRqN5IY+lK/pU+jA4o86TL973fzl5OZ9njB4Q3J196/fAnEssoXh4wssjd5XwEvKJlFlvAS7oGGSVEz8DMf0j4Ga9uBmQ6RcDFvofR/IqcA20sQ0q8F2SwScTR6AQsQGIDtG6oDBIjI5TtGmYAs6NvOmCeNIhY2AuT2TQ5Z0Uq1QCdgeQl5lHRRtQZlt8p6LlOAWmoBE9VVk8Z6ans82ToE3axj/8iBdyT5z1vq05QPHlApjPAJSb6MX0cy1cNUGm9zzm+vcTBnMAa4UA7Na83NBrop7hI7k84L1LnGRGkbSRpG0DAiOS05FJUihDKMNpwKjDKcpJGyRpX5yt6LdxU+v9Ye7QbGJqp1BzRvO01GnhpmPqSFpPUkDTlZ6EjDEEUzhEY6HrCaRgywinAZhlKH4cyvpQ6hHklRaUpX9J6ZfCugF9bILf8r/lDqJj8SAVF+d/SdELKOanh5MAOjICXYbmVfsPVOAOE3eYYxFUjaZ0YV6r67WHZDWFwikNvlhuX8BLrDnaVuFw5XYmWlNQBBItD3OxmS6QjYzVO4lTj6KvxAgvobT4ZkcHDkaWC4JBwAkb4ZROZyzsVpkYO0ivCFpjnGnDcou0bcjlbadqnPSZRvI7wNGTTJbzpHedNgOTVqiAbWEYa4BlHSasfiNoToI8Z6Dv4POUfJdLXvBcZS1i15XNXZYNUzjRxmzkCnHRCciPWBwe281eG2QL2gTInpMoNpf5VihVXWDFmUs4Gt01yWLSNo9jIna0zEQkkSV1PMabVDTDe8OyWFMwYCG0YZTgdGGU5SSNDa7gcYwODtKbPsWyMoXvlamZvA6WRp021kZWWxI5EjyMGaFO2rfnvBnE5q7O2eiOcIs4RGOhywinIFk6RTMLpQ2hAqZhtCUknRYUZUdKswNIU1Xiwc+Vpb0JjunVb9vTX6tIHzY/pK9SRlZorHxbMbsby+y3GppAJmOFQx6YkqdpNVhnQ4ysG6NVTuIhqN2TM4XNCOJllRzAGU3ZJOMFkyOe2DVcNUP0pLTxYhC4gQ8MGaRXpgan1pKuWMeJlklYSdKs22QPVoraeTj+zDKGWom5Fz3wk4i0r8bmJ4Cb7Z5BuuuMgmb6QDbjKa0LqXY3beIKc56e55OuFtWAXTOhnVzomBtxaUMSjDhHuVMpUUrwM5q7c50+VHP4vgmzCsFBtMpjKzMTaX1VS/HeBvhRyivUGnTSM29JiZrujNRhT0g7yrfCyyyT9m2/CNN8muPtNBjqlTqxo+PlH4VmamNfxW3giO5fVf3OXfAzmVQV+r0nR9bslWcuApMrRKhqD4jxg9LOn9o6rQbfWttIc3zd6boqqTqNjYcIfSemoFRwFJ3uZv7GLz2xU06u2WtFri/OZ+k1OqocbgbyzwmLDKbcF2johSK3OipqC/ZAV0QXNaxaqd9oKrnnI1SydMQ9qLOpbs4QZxGJXCqS5sNSi/exsPWSsJKueSs8cEREbHkRIjKIVZOkgUQhBAZhVKG0IFSh1GPJKg+hMl0nw3WYljyRF9L/AJzXURwlDmK6qtQ/at5C0rX4kof3GSqYO0HbDGaWrSEENASFI65opfZTJqdNxLhaAj1od0ybM2gCk7iGU6rSdaI5SRaQhVMR4Ep1mhSVjI0pyZEjJsRpCliZBUoQxBHMIWsip4KzTO0wiskhtJNYZVPIlp0dpiTByDOZwURukzgDBkYfpEjdBJAJxEYAK1ITqKDUBCGSMCEG8C4YXyg7F0SaemmbMd47CUgiDrLau0xKFcbXjcaVfu+c69yfs5HLQ7FmmBqYDbtkT0qeIS1/dkVZEZNJ3i4JKdNdI4QbkvYdrLnK6VNE0KbgQp1ARggtKzBVFU7DjCamJJBjqlgk5eSgdfeN9zcxQklenuTzj1pTkfZ1p8A1TDiopRuBKn5g3gWa5oaNSigTUtQ2ZiSNIuB+ct2pGx8DvK7DI/Uk1lDPT1b8dWm9mHjHn+QP+B2ZY4UafWFGcXA0oLneSYTEpURXQhlbgR6jxlfk+ZjFK5NMppI2bcEEXBvC6uPo02CO6oTwUkCBz6xyZP3ngdjcxp0AGqtpUsF1WJAJ52lhQcMARuCAQeYMExGGp1V0uodDY2YAg8pJSxlPWaYYdYtrpexFxcbeEDS9dhy/ZZ0odRlRicV1VN3tfQpaw7bSbo5mRxVFapTRqZgFve4BtcGPM8ZJ0/RoqAlI+FqO7ELxZjc+MscreqzVOsXQBU007EHVTsPe87y3CgcBLqN3ZzvU2vgzaZO7fEbeEirZG4+E38ZqGvykY3hejIFr0ZmllFQnewlhTyPmZc25QhFmnRlArXpmar5M67r7w9ZXOmk2IseRm4MBxmXU6nEWPMRb0V+0aNd/uMoryQPDMRklRT7h1DvjUyaqeQ85HZa9HRvhrOQYVIhqwitlFZBfTqH2TAnpsvxKR4i0Wty7QZcvpnO95HFtEiFDp0W06bBgUidadFAijihI8JEAjxMKzgkQ0xHWigQoAgQRHQHhJkpMx0qLk8AJMmW1v9M+Y/WUSb6QjpLtgD09p1KntLYZPVPYq+LfpJqeRNb3qgH8ovGWnT9CPVleytw9OEhAZaUcoprxJbxNoSmHRfhUSs6b9kq1Z9GeXCMeCk/KTplrn6HnaXt4hqERvFPsD1q9FUMncjew9Znszxa0SgqAgO2i6gsA02ntREzGZIC7BgCNWoA79twYtzMrgbTqqfJVO9DDruy01ZjYH3QSd9rwbFZVh8SVqEhrWIdWBBHLvEIzTL0xCaGuLHUrDiptOyrAChT6sNq3Y3O3Huk00llPku16xwGoFtpBG3eJWNkCvilxL1CxQDQt1AFr9o3I3MpqWQYtKwK1BoLhmcORcXubrzmyRRwvY/jM1jp9gTz2hKGKouxpiojuAdSBgxA7wItbOKOHenRClnYqFpoo2ubAnkIJlGQU6NWpVuWdySL29wE3NpeJgqbVFqFFLqLK5A1AcrwpJP8AgSm8Fth1JZSTsN7AcT3mHAiU2AxDl6moDQCFQqbltveJ+csqZv48p0z0ct9hVooS0i1Wi7845MkVe6cX7I5b233jlSExGFJ7o8JHWitw2gAME4mBV8ypUtne7fVQFz6QapnNx+zpk977ekR3K9jrTp9IthvOfDowIcAg87TPPmWIPF1pjkq3PrIWxzfSdnPfsPSK9WSi0aI83wIpN7purcB2iV0mxFYubyECcdNOuDthNTz2OnRNMWAYFigxmruEep8Ig2B4jljFJ7o+8wBbf3eKv97xl5ysYUBhWGqhKiseCne1ppaGJVxdTqHd2TJNIQ9SmdSNpbu4HxHbLxqbSN6W7+zcau+JMvg+klyErU7k299OB8VP6zQBQe6dE0mso5a03Lwya0QidTNtjuPwkxEYXoHYSF7wthGMomaCmAVEJlLmOFe5IBsR8S3JE0/VTmoiTqNxSdTaYHCrUW4eoH32uiqwHI2teM62uKn7tDTv8YqOrAfy2P4zeNgKb7Mgb+YAxjZNhx/CX5C0HgY/+RJk+uNvhF+z3v6QXCVqzPepTp0wODCozsRyGwtNyMqojcU0+aAn1kyYVPqKPBRMtBr2CteX0jKl6jgrSazn4Sqa7d9u2WWV5XiVT9oxqOeLOUUDuCrwmkpIB2eUkZeW0pOikuSV67b4RXYXAMlrlRyVRsIYaS9o/KSgRX2FzwtfbjKYSRJttkPVL2RUo8pT4jPGJtSQAA21Pck/IcPOdWxFdx71TqxypCx+8d5PyL0UWm/Zd1atOmLu6oPtMBK+pndMbU1eofsrpXzaUnUoDexZvrMbk+Jj+tPZt4RK1mUWjPvkOfM8Q3wqlIc/jb129IJXdju9R3PK9l8htGGQVJKtRsqoS6QprKOC+cjfEMe6NKnnE0yLplkkcSTxMS/dHaYpX+9v0hCR37o4eH4xyp/f9iLbu9f6QJGbG27h5GdHXHL1nRsC5P/Z', 'available', 40, '2021-05-22 03:20:41', '2021-05-29 08:39:32'),
(13, 'Boiled Egg', 'dessert', '', 'available', 11, '2021-05-29 08:35:45', '2021-05-29 08:39:03'),
(16, 'Hotdog', 'breakfast', '', 'available', 10, '2021-05-29 08:37:49', NULL);

-- --------------------------------------------------------

--
-- Table structure for table `position`
--

CREATE TABLE `position` (
  `position_id` int(11) NOT NULL,
  `position_name` varchar(50) NOT NULL
) ENGINE=InnoDB DEFAULT CHARSET=utf8mb4;

--
-- Dumping data for table `position`
--

INSERT INTO `position` (`position_id`, `position_name`) VALUES
(1, 'Admin'),
(2, 'Waiter');

-- --------------------------------------------------------

--
-- Table structure for table `sales`
--

CREATE TABLE `sales` (
  `sale_id` int(11) NOT NULL,
  `table_no` int(11) NOT NULL,
  `customer_name` varchar(100) NOT NULL,
  `quantity` int(11) NOT NULL,
  `bill` float NOT NULL,
  `paid_at` datetime NOT NULL,
  `signature` varchar(50) NOT NULL
) ENGINE=InnoDB DEFAULT CHARSET=utf8mb4;

--
-- Dumping data for table `sales`
--

INSERT INTO `sales` (`sale_id`, `table_no`, `customer_name`, `quantity`, `bill`, `paid_at`, `signature`) VALUES
(1, 2, 'Rhea Amancio', 3, 360, '2021-05-22 04:07:38', 'Eleasar Patot'),
(2, 1, 'James Loyd Belda', 7, 364.75, '2021-05-22 04:05:16', 'Eleasar Patot'),
(3, 3, 'Abdul Azis Mamarinta', 2, 160, '2021-05-22 04:19:16', 'Eleasar Patot'),
(4, 4, 'Jurick Anthony Baybayanon', 5, 253.75, '2021-05-22 04:26:20', 'Eleasar Patot'),
(5, 1, 'Jessa Ortiz', 2, 101.5, '2021-05-22 04:33:04', 'Eleasar Patot'),
(6, 2, 'Rhea Amancio', 4, 202, '2021-05-22 04:35:04', 'Eleasar Patot'),
(7, 2, 'Abdul Azis Mamarinta', 5, 750, '2021-05-22 04:37:09', 'Eleasar Patot'),
(8, 1, 'Jessa Ortiz', 2, 90, '2021-05-22 04:49:51', 'Eleasar Patot'),
(9, 5, 'Elsa', 2, 101, '2021-05-23 10:15:58', 'Eleasar Patot'),
(10, 5, 'Elsa', 15, 675, '2021-05-23 10:16:06', 'Eleasar Patot'),
(11, 4, 'Joshua Avenido', 12, 910, '2021-05-23 10:28:37', 'Eleasar Patot'),
(12, 4, 'Romeo Rodemio', 4, 1000, '2021-05-23 10:28:53', 'Eleasar Patot'),
(13, 1, 'Confidential', 4, 601.5, '2021-05-25 22:19:31', ''),
(16, 1, 'Junmar Layaog', 24, 1606.5, '2021-05-29 09:06:36', 'Marjorie O. Entoma'),
(17, 2, 'Jane Doe', 27, 4410, '2021-05-29 09:08:28', 'Marjorie O. Entoma'),
(18, 4, 'John Doe', 10, 2500, '2021-05-29 09:08:46', 'Marjorie O. Entoma'),
(19, 3, 'Jane Doe', 1, 150, '2021-05-29 09:09:02', 'Marjorie O. Entoma'),
(20, 8, 'John Doe', 10, 400, '2021-05-29 09:09:13', 'Marjorie O. Entoma'),
(21, 5, 'John Doe', 10, 110, '2021-05-29 09:09:24', 'Marjorie O. Entoma'),
(22, 6, 'John Doe', 20, 200, '2021-05-29 09:09:35', 'Marjorie O. Entoma');

-- --------------------------------------------------------

--
-- Table structure for table `tables`
--

CREATE TABLE `tables` (
  `table_no` int(11) NOT NULL,
  `table_status` varchar(50) DEFAULT NULL
) ENGINE=InnoDB DEFAULT CHARSET=utf8mb4;

--
-- Dumping data for table `tables`
--

INSERT INTO `tables` (`table_no`, `table_status`) VALUES
(1, 'available'),
(2, 'available'),
(3, 'available'),
(4, 'available'),
(5, 'available'),
(6, 'available'),
(7, 'available'),
(8, 'available'),
(9, 'available'),
(10, 'available');

-- --------------------------------------------------------

--
-- Table structure for table `table_orders`
--

CREATE TABLE `table_orders` (
  `table_no` int(11) NOT NULL,
  `order_id` int(11) NOT NULL,
  `menu_id` int(11) NOT NULL,
  `quantity` int(11) NOT NULL,
  `bill` float NOT NULL,
  `status` varchar(50) NOT NULL,
  `ordered_at` datetime DEFAULT current_timestamp(),
  `paid_at` datetime DEFAULT NULL
) ENGINE=InnoDB DEFAULT CHARSET=utf8mb4;

--
-- Dumping data for table `table_orders`
--

INSERT INTO `table_orders` (`table_no`, `order_id`, `menu_id`, `quantity`, `bill`, `status`, `ordered_at`, `paid_at`) VALUES
(1, 1, 10, 1, 60.5, 'Paid', '2021-05-15 11:42:25', '2021-05-29 09:06:36'),
(4, 2, 4, 5, 253.75, 'Paid', '2021-05-16 10:30:23', '2021-05-29 09:08:46'),
(1, 3, 8, 1, 50.5, 'Paid', '2021-05-16 10:32:27', '2021-05-29 09:06:36'),
(3, 4, 3, 2, 160, 'Paid', '2021-05-16 10:32:34', '2021-05-29 09:09:02'),
(2, 5, 9, 2, 110, 'Paid', '2021-05-16 10:32:41', '2021-05-29 09:08:28'),
(2, 6, 1, 1, 250, 'Paid', '2021-05-16 06:32:32', '2021-05-29 09:08:28'),
(1, 7, 4, 5, 253.75, 'Paid', '2021-05-16 10:56:38', '2021-05-29 09:06:36'),
(1, 8, 4, 2, 101.5, 'Paid', '2021-05-22 04:30:49', '2021-05-29 09:06:36'),
(2, 9, 8, 4, 202, 'Paid', '2021-05-22 04:34:09', '2021-05-29 09:08:28'),
(2, 10, 2, 5, 750, 'Paid', '2021-05-22 04:36:43', '2021-05-29 09:08:28'),
(1, 11, 12, 2, 90, 'Paid', '2021-05-22 04:43:27', '2021-05-29 09:06:36'),
(1, 12, 4, 0, 0, 'Paid', '2021-05-23 10:13:17', '2021-05-29 09:06:36'),
(2, 13, 8, 2, 101, 'Paid', '2021-05-23 10:13:25', '2021-05-29 09:08:28'),
(5, 14, 12, 5, 225, 'Paid', '2021-05-23 10:13:32', '2021-05-29 09:09:24'),
(5, 15, 12, 10, 450, 'Paid', '2021-05-23 10:13:42', '2021-05-29 09:09:24'),
(2, 16, 9, 2, 110, 'Paid', '2021-05-23 10:21:08', '2021-05-29 09:08:28'),
(4, 17, 1, 4, 1000, 'Paid', '2021-05-23 10:21:19', '2021-05-29 09:08:46'),
(2, 18, 3, 10, 800, 'Paid', '2021-05-23 10:21:36', '2021-05-29 09:08:28'),
(1, 19, 4, 2, 101.5, 'Paid', '2021-05-23 10:31:53', '2021-05-29 09:06:36'),
(2, 20, 1, 5, 1250, 'Paid', '2021-05-25 21:57:55', '2021-05-29 09:08:28'),
(1, 21, 1, 2, 500, 'Paid', '2021-05-25 22:07:25', '2021-05-29 09:06:36'),
(3, 22, 2, 1, 150, 'Paid', '2021-05-25 22:08:23', '2021-05-29 09:09:02'),
(2, 23, 1, 10, 2500, 'Paid', '2021-05-29 08:42:46', '2021-05-29 09:08:28'),
(1, 24, 3, 10, 800, 'Paid', '2021-05-29 08:42:53', '2021-05-29 09:06:36'),
(2, 25, 9, 12, 660, 'Paid', '2021-05-29 08:43:02', '2021-05-29 09:08:28'),
(4, 26, 1, 10, 2500, 'Paid', '2021-05-29 08:43:16', '2021-05-29 09:08:46'),
(5, 27, 13, 10, 110, 'Paid', '2021-05-29 08:43:27', '2021-05-29 09:09:24'),
(6, 28, 16, 20, 200, 'Paid', '2021-05-29 08:43:37', '2021-05-29 09:09:35'),
(1, 29, 7, 10, 205, 'Paid', '2021-05-29 08:43:45', '2021-05-29 09:06:36'),
(8, 30, 12, 10, 400, 'Paid', '2021-05-29 08:43:57', '2021-05-29 09:09:13');

--
-- Indexes for dumped tables
--

--
-- Indexes for table `accounts`
--
ALTER TABLE `accounts`
  ADD PRIMARY KEY (`account_id`),
  ADD KEY `account_position` (`position`);

--
-- Indexes for table `menu`
--
ALTER TABLE `menu`
  ADD PRIMARY KEY (`menu_id`),
  ADD UNIQUE KEY `menu_name` (`menu_name`);

--
-- Indexes for table `position`
--
ALTER TABLE `position`
  ADD PRIMARY KEY (`position_id`);

--
-- Indexes for table `sales`
--
ALTER TABLE `sales`
  ADD PRIMARY KEY (`sale_id`);

--
-- Indexes for table `tables`
--
ALTER TABLE `tables`
  ADD PRIMARY KEY (`table_no`);

--
-- Indexes for table `table_orders`
--
ALTER TABLE `table_orders`
  ADD PRIMARY KEY (`order_id`),
  ADD KEY `table_order` (`table_no`),
  ADD KEY `menu` (`menu_id`);

--
-- AUTO_INCREMENT for dumped tables
--

--
-- AUTO_INCREMENT for table `accounts`
--
ALTER TABLE `accounts`
  MODIFY `account_id` int(11) NOT NULL AUTO_INCREMENT, AUTO_INCREMENT=23;

--
-- AUTO_INCREMENT for table `menu`
--
ALTER TABLE `menu`
  MODIFY `menu_id` int(11) NOT NULL AUTO_INCREMENT, AUTO_INCREMENT=17;

--
-- AUTO_INCREMENT for table `position`
--
ALTER TABLE `position`
  MODIFY `position_id` int(11) NOT NULL AUTO_INCREMENT, AUTO_INCREMENT=3;

--
-- AUTO_INCREMENT for table `sales`
--
ALTER TABLE `sales`
  MODIFY `sale_id` int(11) NOT NULL AUTO_INCREMENT, AUTO_INCREMENT=23;

--
-- AUTO_INCREMENT for table `tables`
--
ALTER TABLE `tables`
  MODIFY `table_no` int(11) NOT NULL AUTO_INCREMENT, AUTO_INCREMENT=11;

--
-- AUTO_INCREMENT for table `table_orders`
--
ALTER TABLE `table_orders`
  MODIFY `order_id` int(11) NOT NULL AUTO_INCREMENT, AUTO_INCREMENT=31;

--
-- Constraints for dumped tables
--

--
-- Constraints for table `accounts`
--
ALTER TABLE `accounts`
  ADD CONSTRAINT `account_position` FOREIGN KEY (`position`) REFERENCES `position` (`position_id`);

--
-- Constraints for table `table_orders`
--
ALTER TABLE `table_orders`
  ADD CONSTRAINT `menu` FOREIGN KEY (`menu_id`) REFERENCES `menu` (`menu_id`) ON UPDATE CASCADE,
  ADD CONSTRAINT `table_order` FOREIGN KEY (`table_no`) REFERENCES `tables` (`table_no`) ON UPDATE CASCADE;
COMMIT;

/*!40101 SET CHARACTER_SET_CLIENT=@OLD_CHARACTER_SET_CLIENT */;
/*!40101 SET CHARACTER_SET_RESULTS=@OLD_CHARACTER_SET_RESULTS */;
/*!40101 SET COLLATION_CONNECTION=@OLD_COLLATION_CONNECTION */;
